wavelength_nm,relative_intensity
285.000000,2.660877981073e-37
285.100000,8.775619035834e-37
285.200000,2.868649173178e-36
285.300000,9.294456139131e-36
285.400000,2.984814770713e-35
285.500000,9.500744547540e-35
285.600000,2.997400288533e-34
285.700000,9.373001613445e-34
285.800000,2.905089243609e-33
285.900000,8.924565910076e-33
286.000000,2.717449973740e-32
286.100000,8.201302777998e-32
286.200000,2.453301716442e-31
286.300000,7.273876236550e-31
286.400000,2.137606090126e-30
286.500000,6.226389337468e-30
286.600000,1.797594344570e-29
286.700000,5.143916796841e-29
286.800000,1.458958704258e-28
286.900000,4.101463819452e-28
287.000000,1.142829891028e-27
287.100000,3.156247977837e-27
287.200000,8.639875078170e-27
287.300000,2.344178229962e-26
287.400000,6.304063985741e-26
287.500000,1.680340965634e-25
287.600000,4.439366867904e-25
287.700000,1.162496022764e-24
287.800000,3.017232193046e-24
287.900000,7.761985154096e-24
288.000000,1.979172738190e-23
288.100000,5.001973771024e-23
288.200000,1.252985188547e-22
288.300000,3.110980447898e-22
288.400000,7.655885738315e-22
288.500000,1.867413188237e-21
288.600000,4.514734514402e-21
288.700000,1.081859416068e-20
288.800000,2.569545181549e-20
288.900000,6.049068526564e-20
289.000000,1.411456724277e-19
289.100000,3.264325415954e-19
289.200000,7.482834544140e-19
289.300000,1.700143796615e-18
289.400000,3.828705696844e-18
289.500000,8.546044116915e-18
289.600000,1.890710747867e-17
289.700000,4.146024576523e-17
289.800000,9.011258909435e-17
289.900000,1.941269719341e-16
290.000000,4.145081837001e-16
290.100000,8.772576315297e-16
290.200000,1.840212673147e-15
290.300000,3.826094534124e-15
290.400000,7.884791106451e-15
290.500000,1.610539958490e-14
290.600000,3.260615837224e-14
290.700000,6.542964737366e-14
290.800000,1.301356671002e-13
290.900000,2.565458080151e-13
291.000000,5.012799331376e-13
291.100000,9.708285370090e-13
291.200000,1.863595122150e-12
291.300000,3.545744302332e-12
291.400000,6.686672915513e-12
291.500000,1.249854803237e-11
291.600000,2.315559073852e-11
291.700000,4.252056087537e-11
291.800000,7.739072624856e-11
291.900000,1.396129417956e-10
292.000000,2.496371713986e-10
292.100000,4.424249869987e-10
292.200000,7.771714891848e-10
292.300000,1.353134268927e-09
292.400000,2.335133671534e-09
292.500000,3.994196440481e-09
292.600000,6.771640844702e-09
292.700000,1.137902977033e-08
292.800000,1.895236337126e-08
292.900000,3.128731821690e-08
293.000000,5.119412556764e-08
293.100000,8.302688527753e-08
293.200000,1.334640164585e-07
293.300000,2.126456312403e-07
293.400000,3.358115047915e-07
293.500000,5.256316545037e-07
293.600000,8.154818303687e-07
293.700000,1.253989520782e-06
293.800000,1.911262636969e-06
293.900000,2.887311773121e-06
294.000000,4.323284821122e-06
294.100000,6.416244065889e-06
294.200000,9.438321612178e-06
294.300000,1.376117589892e-05
294.400000,1.988672229920e-05
294.500000,2.848510168643e-05
294.600000,4.044075513496e-05
294.700000,5.690725988965e-05
294.800000,7.937121914629e-05
294.900000,1.097249553505e-04
295.000000,1.503470087500e-04
295.100000,2.041884760141e-04
295.200000,2.748620412742e-04
295.300000,3.667291810268e-04
295.400000,4.849795217775e-04
295.500000,6.356947863068e-04
295.600000,8.258883087789e-04
295.700000,1.063509893442e-03
295.800000,1.357405027963e-03
295.900000,1.717217348992e-03
296.000000,2.153224002100e-03
296.100000,2.676095324632e-03
296.200000,3.296573241434e-03
296.300000,4.025066953494e-03
296.400000,4.871169865381e-03
296.500000,5.843108057795e-03
296.600000,6.947137645142e-03
296.700000,8.186915604095e-03
296.800000,9.562875535739e-03
296.900000,1.107164566341e-02
297.000000,1.270555046994e-02
297.100000,1.445223907516e-02
297.200000,1.629448218975e-02
297.300000,1.821017488379e-02
297.400000,2.017257436000e-02
297.500000,2.215079060899e-02
297.600000,2.411053376063e-02
297.700000,2.601510596232e-02
297.800000,2.782660881184e-02
297.900000,2.950732104036e-02
298.000000,3.102118664622e-02
298.100000,3.233534233806e-02
298.200000,3.342160608322e-02
298.300000,3.425784658935e-02
298.400000,3.482915707454e-02
298.500000,3.512876563556e-02
298.600000,3.515862834834e-02
298.700000,3.492966893138e-02
298.800000,3.446164901512e-02
298.900000,3.378267420455e-02
299.000000,3.292836154365e-02
299.100000,3.194071212028e-02
299.200000,3.086674706667e-02
299.300000,2.975697515320e-02
299.400000,2.866376503500e-02
299.500000,2.763969496173e-02
299.600000,2.673594783459e-02
299.700000,2.600081071458e-02
299.800000,2.547832636085e-02
299.900000,2.520713136984e-02
300.000000,2.521950226783e-02
300.100000,2.554061863926e-02
300.200000,2.618804197715e-02
300.300000,2.717140104585e-02
300.400000,2.849226943324e-02
300.500000,3.014421858588e-02
300.600000,3.211302961350e-02
300.700000,3.437704893805e-02
300.800000,3.690767571988e-02
300.900000,3.966997214874e-02
301.000000,4.262339040694e-02
301.100000,4.572261179066e-02
301.200000,4.891849368292e-02
301.300000,5.215911859986e-02
301.400000,5.539093639468e-02
301.500000,5.855998613109e-02
301.600000,6.161317853887e-02
301.700000,6.449961387654e-02
301.800000,6.717190406252e-02
301.900000,6.958746271822e-02
302.000000,7.170972287035e-02
302.100000,7.350923996137e-02
302.200000,7.496463785666e-02
302.300000,7.606335788935e-02
302.400000,7.680217565093e-02
302.500000,7.718745704857e-02
302.600000,7.723513378742e-02
302.700000,7.697038845110e-02
302.800000,7.642705021343e-02
302.900000,7.564671333738e-02
303.000000,7.467760141887e-02
303.100000,7.357321026258e-02
303.200000,7.239077085447e-02
303.300000,7.118958073658e-02
303.400000,7.002925692508e-02
303.500000,6.896796619411e-02
303.600000,6.806068904862e-02
303.700000,6.735757211312e-02
303.800000,6.690242014616e-02
303.900000,6.673137370126e-02
304.000000,6.687181189237e-02
304.100000,6.734151210645e-02
304.200000,6.814809016540e-02
304.300000,6.928873568572e-02
304.400000,7.075024850381e-02
304.500000,7.250937328145e-02
304.600000,7.453342099603e-02
304.700000,7.678115813815e-02
304.800000,7.920393723846e-02
304.900000,8.174703595738e-02
305.000000,8.435116650874e-02
305.100000,8.695411275269e-02
305.200000,8.949244897505e-02
305.300000,9.190329224966e-02
305.400000,9.412603942420e-02
305.500000,9.610404022463e-02
305.600000,9.778615976051e-02
305.700000,9.912818681805e-02
305.800000,1.000940486966e-01
305.900000,1.006567988767e-01
306.000000,1.007993503559e-01
306.100000,1.005149348631e-01
306.200000,9.980727612422e-02
306.300000,9.869047365117e-02
306.400000,9.718860186933e-02
306.500000,9.533503752079e-02
306.600000,9.317153589777e-02
306.700000,9.074708334174e-02
306.800000,8.811655938043e-02
306.900000,8.533924671419e-02
307.000000,8.247723090238e-02
307.100000,7.959373399166e-02
307.200000,7.675142747069e-02
307.300000,7.401076987411e-02
307.400000,7.142841316650e-02
307.500000,6.905571981042e-02
307.600000,6.693742926746e-02
307.700000,6.511050870196e-02
307.800000,6.360321795360e-02
307.900000,6.243441350594e-02
308.000000,6.161311028264e-02
308.100000,6.113831372713e-02
308.200000,6.099912784109e-02
308.300000,6.117513776153e-02
308.400000,6.163705815484e-02
308.500000,6.234763133723e-02
308.600000,6.326275176694e-02
308.700000,6.433278660257e-02
308.800000,6.550405562258e-02
308.900000,6.672042821366e-02
309.000000,6.792499062833e-02
309.100000,6.906173354248e-02
309.200000,7.007720833512e-02
309.300000,7.092210064037e-02
309.400000,7.155267168437e-02
309.500000,7.193202173297e-02
309.600000,7.203113555685e-02
309.700000,7.182967698933e-02
309.800000,7.131650813735e-02
309.900000,7.048991825731e-02
310.000000,6.935755731841e-02
310.100000,6.793607940844e-02
310.200000,6.625051094911e-02
310.300000,6.433336776532e-02
310.400000,6.222355303204e-02
310.500000,5.996507471453e-02
310.600000,5.760562612122e-02
310.700000,5.519507649591e-02
310.800000,5.278392017192e-02
310.900000,5.042173276306e-02
311.000000,4.815568130660e-02
311.100000,4.602913238200e-02
311.200000,4.408039820838e-02
311.300000,4.234165578155e-02
311.400000,4.083806844157e-02
311.500000,3.958713303467e-02
311.600000,3.859826919090e-02
311.700000,3.787266029614e-02
311.800000,3.740334859297e-02
311.900000,3.717557959174e-02
312.000000,3.716738371572e-02
312.100000,3.735037597040e-02
312.200000,3.769074758069e-02
312.300000,3.815041718611e-02
312.400000,3.868830356494e-02
312.500000,3.926167724583e-02
312.600000,3.982754503806e-02
312.700000,4.034401973677e-02
312.800000,4.077162725850e-02
312.900000,4.107450538753e-02
313.000000,4.122145221937e-02
313.100000,4.118678821339e-02
313.200000,4.095100332475e-02
313.300000,4.050116966625e-02
313.400000,3.983111013025e-02
313.500000,3.894132387098e-02
313.600000,3.783867994505e-02
313.700000,3.653590015963e-02
313.800000,3.505086073629e-02
313.900000,3.340574929333e-02
314.000000,3.162611851254e-02
314.100000,2.973988045965e-02
314.200000,2.777628578987e-02
314.300000,2.576493006652e-02
314.400000,2.373482537106e-02
314.500000,2.171356962899e-02
314.600000,1.972663905403e-02
314.700000,1.779682131600e-02
314.800000,1.594379897458e-02
314.900000,1.418388488281e-02
315.000000,1.252990408507e-02
315.100000,1.099121056993e-02
315.200000,9.573822342697e-03
315.300000,8.280654804272e-03
315.400000,7.111830400637e-03
315.500000,6.065041883600e-03
315.600000,5.135947156010e-03
315.700000,4.318575360324e-03
315.800000,3.605726363806e-03
315.900000,2.989348835405e-03
316.000000,2.460885440580e-03
316.100000,2.011577063856e-03
316.200000,1.632721202203e-03
316.300000,1.315882595591e-03
316.400000,1.053056661580e-03
316.500000,8.367883122892e-04
316.600000,6.602502313054e-04
316.700000,5.172856883109e-04
316.800000,4.024215123361e-04
316.900000,3.108569928040e-04
317.000000,2.384343048811e-04
317.100000,1.815956404710e-04
317.200000,1.373316449054e-04
317.300000,1.031250817646e-04
317.400000,7.689293413000e-05
317.500000,5.692944810828e-05
317.600000,4.185196965397e-05
317.700000,3.055084289089e-05
317.800000,2.214414118402e-05
317.900000,1.593759630866e-05
318.000000,1.138977451646e-05
318.100000,8.082314481133e-06
318.200000,5.694881203200e-06
318.300000,3.984390468520e-06
318.400000,2.768008437788e-06
318.500000,1.909418894678e-06
318.600000,1.307866172718e-06
318.700000,8.895158280933e-07
318.800000,6.007203340435e-07
318.900000,4.028276402705e-07
319.000000,2.682220434722e-07
319.100000,1.773364233593e-07
319.200000,1.164205630928e-07
319.300000,7.589090243025e-08
319.400000,4.912222261937e-08
319.500000,3.157145304442e-08
319.600000,2.014834601265e-08
319.700000,1.276769498383e-08
319.800000,8.033667726414e-09
319.900000,5.019303988781e-09
320.000000,3.113876614865e-09
320.100000,1.918172090660e-09
320.200000,1.173280903619e-09
320.300000,7.125981704069e-10
320.400000,4.297497869726e-10
320.500000,2.573445073714e-10
320.600000,1.530179581827e-10
320.700000,9.034376132328e-11
320.800000,5.296417340885e-11
320.900000,3.083148873070e-11
