scenario,instrument_id,chord_key,gain,offset,correlation,rmse,nrmse_std,nrmse_range,integrated_area_ratio
init,nf3_benchmark_uvvis,chord_0,4.093861292545155,3.1433436065774125e-16,0.991636931828546,1315143764967669.2,0.14965549773239806,0.010123992071675806,0.6315626160940322
init,nf3_benchmark_uvvis,chord_1,4.093861292545155,3.1433436065774125e-16,0.9895250547724356,1425506607606500.2,0.16706749085395692,0.01147028251913027,0.6094800085573218
init,nf3_benchmark_uvvis,chord_2,4.093861292545155,3.1433436065774125e-16,0.9912053314740898,978514964344923.8,0.1567796533671286,0.011362590793978705,0.6590677704399182
init,nf3_benchmark_uvvis,chord_3,4.093861292545155,3.1433436065774125e-16,0.991312983506309,485717266503188.1,0.1701399053798637,0.011832954102015769,0.7352423398147181
init,nf3_benchmark_uvvis,chord_4,4.093861292545155,3.1433436065774125e-16,0.9894711920705186,445955900728426.7,0.1956530841652419,0.013737335706802254,0.7632665871991192
opt,nf3_benchmark_uvvis,chord_0,0.7773349105666019,1.0546400613017905e-17,0.9919001327860761,1327263218753513.2,0.1510346191158385,0.010217287768548872,0.6069913792659013
opt,nf3_benchmark_uvvis,chord_1,0.7773349105666019,1.0546400613017905e-17,0.9897686607253562,1428772083877532.0,0.1674502003581664,0.011496558044749292,0.58381238989033
opt,nf3_benchmark_uvvis,chord_2,0.7773349105666019,1.0546400613017905e-17,0.9915624402883121,986925615448983.4,0.15812722495543752,0.011460255919488904,0.6213823773813368
opt,nf3_benchmark_uvvis,chord_3,0.7773349105666019,1.0546400613017905e-17,0.9920416958876634,436975002742490.0,0.1530661780982516,0.010645504098310988,0.6401355292818979
opt,nf3_benchmark_uvvis,chord_4,0.7773349105666019,1.0546400613017905e-17,0.990263465741512,367650127018607.1,0.16129819367215348,0.011325185313735121,0.6073076660943618
truth,nf3_benchmark_uvvis,chord_0,1.0404810034144392,1.9045381042249844e-17,0.9918630680367059,1324686609778837.0,0.15074141641903946,0.0101974530025512,0.6153716752132304
truth,nf3_benchmark_uvvis,chord_1,1.0404810034144392,1.9045381042249844e-17,0.9897358412437798,1421850782791120.5,0.16663903301612715,0.011440866069392965,0.5912710677924753
truth,nf3_benchmark_uvvis,chord_2,1.0404810034144392,1.9045381042249844e-17,0.9915187642929516,978510596808352.1,0.1567789535915557,0.011362540077809152,0.625180834465358
truth,nf3_benchmark_uvvis,chord_3,1.0404810034144392,1.9045381042249844e-17,0.9919902623387026,423377168932319.7,0.14830304876894188,0.010314236189058008,0.6217170612665053
truth,nf3_benchmark_uvvis,chord_4,1.0404810034144392,1.9045381042249844e-17,0.9902178148853727,363593994557493.7,0.15951865712043764,0.011200239207632344,0.622435468548002
