scenario,instrument_id,chord_key,window_name,family,kind,measurement_area,prediction_area,area_ratio,measurement_peak,prediction_peak,peak_ratio,peak_shift_nm
opt,nf3_benchmark_uvvis,chord_0,N2_SPS_300_400,NF3/Ar benchmark,broadband_window,3681299687310872.5,486626649686141.2,0.13218881672782629,1432110755978778.0,128161684561473.25,0.08949146148538001,7.0
opt,nf3_benchmark_uvvis,chord_0,N2_FP_550_700,NF3/Ar benchmark,broadband_window,-2.191219988057062e+17,-2.3144211961338342e+17,-1.056224938047418,7.069114985936878e+16,7.605931082391478e+16,1.075938232370322,0.0
opt,nf3_benchmark_uvvis,chord_0,FI_685_603,NF3/Ar benchmark,atomic_line,1.9792991105843484e+16,2.2683648982764256e+16,1.1460445195707365,2.63174554310328e+16,3.0187778736850976e+16,1.1470629755965844,0.0
opt,nf3_benchmark_uvvis,chord_0,FI_703_747,NF3/Ar benchmark,atomic_line,1.0666493732603568e+16,1.0550299500008808e+16,0.9891066140844769,2.389428353080947e+16,2.15389556951624e+16,0.9014271412402848,0.5
opt,nf3_benchmark_uvvis,chord_0,FI_712_789,NF3/Ar benchmark,atomic_line,6112760009652648.0,6509687156306016.0,1.0649341943780848,1.3009649807095536e+16,1.3706558195677104e+16,1.053568574013535,0.0
opt,nf3_benchmark_uvvis,chord_0,ArI_750_387,NF3/Ar benchmark,atomic_line,480522224920358.0,2.956757747520692,6.153217466706658e-15,812157995088312.0,4.777702358331311,5.88272526678974e-15,0.0
opt,nf3_benchmark_uvvis,chord_0,ArI_811_531,NF3/Ar benchmark,atomic_line,-104468599963028.0,59347366219001.516,0.5680880785231627,796503290105680.0,80244503304953.0,0.10074597845579039,-0.5
opt,nf3_benchmark_uvvis,chord_1,N2_SPS_300_400,NF3/Ar benchmark,broadband_window,1.0888152922479796e+16,489579690468757.7,0.04496443923541579,1624496814599733.2,128939419774943.83,0.07937191296168455,9.5
opt,nf3_benchmark_uvvis,chord_1,N2_FP_550_700,NF3/Ar benchmark,broadband_window,-2.234196212151713e+17,-2.181987564890816e+17,-0.9766320223009349,7.115382303122026e+16,7.173006121558888e+16,1.008098485222864,0.0
opt,nf3_benchmark_uvvis,chord_1,FI_685_603,NF3/Ar benchmark,atomic_line,2.0269603357806532e+16,2.1392660861775624e+16,1.0554059931092121,2.618866854234197e+16,2.846971049842227e+16,1.0871003408360491,0.0
opt,nf3_benchmark_uvvis,chord_1,FI_703_747,NF3/Ar benchmark,atomic_line,9797630257274640.0,9949854968646500.0,1.01553689079651,2.2085380371588256e+16,2.0313118631634896e+16,0.9197540766726714,0.5
opt,nf3_benchmark_uvvis,chord_1,FI_712_789,NF3/Ar benchmark,atomic_line,5782173260782180.0,6139204208980732.0,1.0617468436340587,1.2246868612502944e+16,1.2926482908478864e+16,1.0554929033273122,0.0
opt,nf3_benchmark_uvvis,chord_1,ArI_750_387,NF3/Ar benchmark,atomic_line,25962647642270.0,2.1179994721993496,8.15787165231568e-14,129915196086784.0,3.773332686317448,2.9044582927749596e-14,0.0
opt,nf3_benchmark_uvvis,chord_1,ArI_811_531,NF3/Ar benchmark,atomic_line,-394822408731968.0,57745214291494.16,0.14625617243193378,576235755437176.0,78078208592437.94,0.13549698687684159,-0.5
opt,nf3_benchmark_uvvis,chord_2,N2_SPS_300_400,NF3/Ar benchmark,broadband_window,-777272142734585.4,504987224667221.4,0.6496916548309374,1251471253744980.5,132997264817110.16,0.1062727285338124,-39.5
opt,nf3_benchmark_uvvis,chord_2,N2_FP_550_700,NF3/Ar benchmark,broadband_window,-1.6110347699107277e+17,-1.6927385993223872e+17,-1.0507151247990676,5.367332054184571e+16,5.573988504244951e+16,1.0385026392953018,0.0
opt,nf3_benchmark_uvvis,chord_2,FI_685_603,NF3/Ar benchmark,atomic_line,1.5882661827966084e+16,1.6624390802538248e+16,1.0467005457023666,2.130697254742179e+16,2.212401827229111e+16,1.0383464015383164,0.0
opt,nf3_benchmark_uvvis,chord_2,FI_703_747,NF3/Ar benchmark,atomic_line,5756965278801556.0,7732110812723012.0,1.3430879705309995,1.1735306851079024e+16,1.5785484784122688e+16,1.3451275696869625,0.0
opt,nf3_benchmark_uvvis,chord_2,FI_712_789,NF3/Ar benchmark,atomic_line,3891741658009986.0,4770824036650761.0,1.2258840529230524,7971550170927728.0,1.0045271873984512e+16,1.2601403313774093,0.5
opt,nf3_benchmark_uvvis,chord_2,ArI_750_387,NF3/Ar benchmark,atomic_line,2232109477496.5,1.670965633408998,7.486037984494952e-13,32092436036250.0,2.3152320112782645,7.214260733161842e-14,-1.0
opt,nf3_benchmark_uvvis,chord_2,ArI_811_531,NF3/Ar benchmark,atomic_line,-38340510282468.0,52114614030461.52,1.3592571837598109,104248563622744.0,70464985798555.53,0.6759324382977122,-0.5
opt,nf3_benchmark_uvvis,chord_3,N2_SPS_300_400,NF3/Ar benchmark,broadband_window,-561490111090927.94,536776228218961.25,0.9559851858762932,517325998594505.0,141369457849179.62,0.2732695790145066,-32.0
opt,nf3_benchmark_uvvis,chord_3,N2_FP_550_700,NF3/Ar benchmark,broadband_window,-7.237432915278262e+16,-7.686014802314614e+16,-1.061980800691001,2.4325951672438484e+16,2.5538213892193696e+16,1.0498341128059017,0.0
opt,nf3_benchmark_uvvis,chord_3,FI_685_603,NF3/Ar benchmark,atomic_line,7159423043706788.0,7618266635712130.0,1.0640894649197565,9595796434712144.0,1.0138520119750288e+16,1.0565584825325054,0.0
opt,nf3_benchmark_uvvis,chord_3,FI_703_747,NF3/Ar benchmark,atomic_line,3601845942032872.0,3543321527831312.0,0.9837515498598675,7384047564553936.0,7233865294687392.0,0.9796612537292592,0.0
opt,nf3_benchmark_uvvis,chord_3,FI_712_789,NF3/Ar benchmark,atomic_line,1963289511527608.0,2186280554387333.5,1.113580315868045,3958647560428928.0,4603352040006116.0,1.1628597822199995,0.5
opt,nf3_benchmark_uvvis,chord_3,ArI_750_387,NF3/Ar benchmark,atomic_line,-17778973056000.0,0.5177134700660386,2.9119424864155586e-14,86728112861508.0,0.7599576534937608,8.762529569936578e-15,-1.0
opt,nf3_benchmark_uvvis,chord_3,ArI_811_531,NF3/Ar benchmark,atomic_line,64905435675898.0,41634526572144.6,0.6414644033828615,312165444864558.0,56294695417316.47,0.1803360889022856,0.5
opt,nf3_benchmark_uvvis,chord_4,N2_SPS_300_400,NF3/Ar benchmark,broadband_window,3099047013334669.5,488774206806112.9,0.1577175837291274,573888674173299.1,128727281489551.6,0.22430706038063294,-1.5
opt,nf3_benchmark_uvvis,chord_4,N2_FP_550_700,NF3/Ar benchmark,broadband_window,-5.896512420416841e+16,-5.755576295829352e+16,-0.9760983926533431,1.8940422206296604e+16,1.918865059744748e+16,1.0131057475090683,0.0
opt,nf3_benchmark_uvvis,chord_4,FI_685_603,NF3/Ar benchmark,atomic_line,5453181544969474.0,5724559814152896.0,1.0497651264579237,7186843153847104.0,7618343395725972.0,1.0600403031820567,0.0
opt,nf3_benchmark_uvvis,chord_4,FI_703_747,NF3/Ar benchmark,atomic_line,2491644496224712.0,2662546861540578.0,1.0685901883574538,5159954436808976.0,5435720463382688.0,1.053443500315916,0.5
opt,nf3_benchmark_uvvis,chord_4,FI_712_789,NF3/Ar benchmark,atomic_line,1694665152528924.0,1642829865369482.5,0.9694126671088454,3827266934210912.0,3459082228470464.0,0.9037995749788593,0.5
opt,nf3_benchmark_uvvis,chord_4,ArI_750_387,NF3/Ar benchmark,atomic_line,-20731329817447.0,0.4553684661743831,2.1965231858457806e-14,67201538077144.0,0.5594785031478617,8.325382411718143e-15,1.0
opt,nf3_benchmark_uvvis,chord_4,ArI_811_531,NF3/Ar benchmark,atomic_line,28871163694801.0,35777995335651.664,1.2392294163776438,43580889467584.0,48375987813207.234,1.1100275465738232,0.0
