case,parameter,path,status,initial,truth,optimized,relative_error
two_band,target_density_m3,plasma_state.radicals.Target[0],optimized_ratio_and_actinometry,1e+18,2e+18,1.999999999677757e+18,-1.611215605379357e-10
two_band,electron_density_m3,plasma_state.ne_shells_m3[0],optimized_calibrated_absolute,1.5e+16,3e+16,3.0000000000000252e+16,8.43769498715119e-15
two_band,electron_temperature_eV,plasma_state.te_shells_eV[0],fixed_not_inferred,3.0,3.0,3.0,0.0
nf3_ar,te0,plasma_state.te_shells_eV[0],optimized,2.35,2.75,2.48944650414768,-0.09474672576447996
nf3_ar,te1,plasma_state.te_shells_eV[1],optimized,2.05,2.35,2.138594940230673,-0.08995959990184121
nf3_ar,te2,plasma_state.te_shells_eV[2],optimized,1.85,2.0,1.8493646415165623,-0.07531767924171884
nf3_ar,F0,plasma_state.radicals.F[0],optimized,6.5e+18,8e+18,6.822475460027502e+18,-0.14719056749656234
nf3_ar,F1,plasma_state.radicals.F[1],optimized,5e+18,6e+18,5.112932027024939e+18,-0.14784466216251013
nf3_ar,F2,plasma_state.radicals.F[2],optimized,3.8e+18,4.2e+18,3.799985894887902e+18,-0.09524145359811853
nf3_ar,N2e0,plasma_state.radicals.N2_emit[0],optimized,1.3e+18,1.7e+18,1.3360161270727826e+18,-0.21410816054542203
nf3_ar,N2e1,plasma_state.radicals.N2_emit[1],optimized,9e+17,1.1e+18,8.414218448816524e+17,-0.23507105010758877
nf3_ar,N2e2,plasma_state.radicals.N2_emit[2],optimized,6.5e+17,7e+17,6.201206703572398e+17,-0.11411332806108598
nf3_ar,ne0,plasma_state.ne_shells_m3[0],fixed_not_inferred,8400000000000000.0,1.1e+16,8400000000000000.0,-0.23636363636363633
nf3_ar,ne1,plasma_state.ne_shells_m3[1],fixed_not_inferred,6800000000000000.0,8500000000000000.0,6800000000000000.0,-0.19999999999999996
nf3_ar,ne2,plasma_state.ne_shells_m3[2],fixed_not_inferred,5500000000000000.0,6200000000000000.0,5500000000000000.0,-0.11290322580645162
cl2_ar,Cl0,plasma_state.radicals.Cl[0],optimized,1.4e+19,1.8e+19,1.5969768359070056e+19,-0.11279064671833017
cl2_ar,Cl1,plasma_state.radicals.Cl[1],optimized,1.1e+19,1.4e+19,1.3388181111680285e+19,-0.043701349165693903
cl2_ar,Cl2,plasma_state.radicals.Cl[2],optimized,7.8e+18,9e+18,8.823199793775476e+18,-0.019644467358280515
cl2_ar,Cl2e0,plasma_state.radicals.Cl2_emit[0],optimized,7.5e+18,9e+18,7.599438681967886e+18,-0.15561792422579046
cl2_ar,Cl2e1,plasma_state.radicals.Cl2_emit[1],optimized,5.8e+18,7e+18,6.065394158308562e+18,-0.13351512024163403
cl2_ar,Cl2e2,plasma_state.radicals.Cl2_emit[2],optimized,4.2e+18,4.5e+18,4.2876153478849766e+18,-0.04719658935889404
cl2_ar,te0,plasma_state.te_shells_eV[0],fixed_not_inferred,3.75,4.1,3.75,-0.08536585365853655
cl2_ar,ne0,plasma_state.ne_shells_m3[0],fixed_not_inferred,1.75e+16,2.2e+16,1.75e+16,-0.20454545454545459
cl2_ar,te1,plasma_state.te_shells_eV[1],fixed_not_inferred,3.2,3.55,3.2,-0.09859154929577452
cl2_ar,ne1,plasma_state.ne_shells_m3[1],fixed_not_inferred,1.45e+16,1.75e+16,1.45e+16,-0.17142857142857137
cl2_ar,te2,plasma_state.te_shells_eV[2],fixed_not_inferred,2.75,3.0,2.75,-0.08333333333333337
cl2_ar,ne2,plasma_state.ne_shells_m3[2],fixed_not_inferred,1.05e+16,1.2e+16,1.05e+16,-0.125
