benchmark,seed,parameter,path,initial,truth,optimized,initial_relative_error,optimized_relative_error
nf3_ar_ccp_clean_2023,7,te0,plasma_state.te_shells_eV[0],4.3,2.75,2.33202894107351,0.5636363636363635,-0.15198947597326906
nf3_ar_ccp_clean_2023,7,te1,plasma_state.te_shells_eV[1],1.3,2.35,2.298020709276822,-0.44680851063829785,-0.02211884711624601
nf3_ar_ccp_clean_2023,7,te2,plasma_state.te_shells_eV[2],3.7,2.0,2.312110547066997,0.8500000000000001,0.15605527353349857
nf3_ar_ccp_clean_2023,7,F0,plasma_state.radicals.F[0],1.2e+18,8e+18,1.0667133345982564e+19,-0.85,0.3333916682478206
nf3_ar_ccp_clean_2023,7,F1,plasma_state.radicals.F[1],1.8e+19,6e+18,1.0000426592782888e+18,2.0,-0.8333262234536185
nf3_ar_ccp_clean_2023,7,F2,plasma_state.radicals.F[2],2e+18,4.2e+18,5.751694982745829e+18,-0.5238095238095238,0.3694511863680545
nf3_ar_ccp_clean_2023,7,N2e0,plasma_state.radicals.N2_emit[0],4.5e+18,1.7e+18,3.8932003991811707e+18,1.6470588235294117,1.2901178818712769
nf3_ar_ccp_clean_2023,7,N2e1,plasma_state.radicals.N2_emit[1],2e+17,1.1e+18,1.0000000000000082e+17,-0.8181818181818181,-0.9090909090909084
nf3_ar_ccp_clean_2023,7,N2e2,plasma_state.radicals.N2_emit[2],3.5e+18,7e+17,1.8871460743215186e+18,4.0,1.695922963316455
nf3_ar_ccp_clean_2023,19,te0,plasma_state.te_shells_eV[0],4.3,2.75,2.68246634053082,0.5636363636363635,-0.02455769435242916
nf3_ar_ccp_clean_2023,19,te1,plasma_state.te_shells_eV[1],1.3,2.35,2.2509019888894475,-0.44680851063829785,-0.04216936643002234
nf3_ar_ccp_clean_2023,19,te2,plasma_state.te_shells_eV[2],3.7,2.0,1.8936884803947904,0.8500000000000001,-0.053155759802604785
nf3_ar_ccp_clean_2023,19,F0,plasma_state.radicals.F[0],1.2e+18,8e+18,4.621982686569885e+18,-0.85,-0.42225216417876443
nf3_ar_ccp_clean_2023,19,F1,plasma_state.radicals.F[1],1.8e+19,6e+18,1.814302785535273e+18,2.0,-0.6976162024107879
nf3_ar_ccp_clean_2023,19,F2,plasma_state.radicals.F[2],2e+18,4.2e+18,1.9999156044975403e+19,-0.5238095238095238,3.7617038202322384
nf3_ar_ccp_clean_2023,19,N2e0,plasma_state.radicals.N2_emit[0],4.5e+18,1.7e+18,3.9292925679351557e+18,1.6470588235294117,1.3113485693736209
nf3_ar_ccp_clean_2023,19,N2e1,plasma_state.radicals.N2_emit[1],2e+17,1.1e+18,1.8499520256184397e+17,-0.8181818181818181,-0.8318225431255963
nf3_ar_ccp_clean_2023,19,N2e2,plasma_state.radicals.N2_emit[2],3.5e+18,7e+17,1.770087651946838e+18,4.0,1.5286966456383402
nf3_ar_ccp_clean_2023,43,te0,plasma_state.te_shells_eV[0],4.3,2.75,2.332947038319639,0.5636363636363635,-0.15165562242922226
nf3_ar_ccp_clean_2023,43,te1,plasma_state.te_shells_eV[1],1.3,2.35,2.1361785218722895,-0.44680851063829785,-0.09098786303306827
nf3_ar_ccp_clean_2023,43,te2,plasma_state.te_shells_eV[2],3.7,2.0,1.9746718119501023,0.8500000000000001,-0.012664094024948835
nf3_ar_ccp_clean_2023,43,F0,plasma_state.radicals.F[0],1.2e+18,8e+18,1.0528778269907722e+19,-0.85,0.31609728373846524
nf3_ar_ccp_clean_2023,43,F1,plasma_state.radicals.F[1],1.8e+19,6e+18,1.0000518246952237e+18,2.0,-0.8333246958841294
nf3_ar_ccp_clean_2023,43,F2,plasma_state.radicals.F[2],2e+18,4.2e+18,1.986508278732616e+19,-0.5238095238095238,3.7297816160300385
nf3_ar_ccp_clean_2023,43,N2e0,plasma_state.radicals.N2_emit[0],4.5e+18,1.7e+18,3.892639016215407e+18,1.6470588235294117,1.2897876565972983
nf3_ar_ccp_clean_2023,43,N2e1,plasma_state.radicals.N2_emit[1],2e+17,1.1e+18,1.0000000000000082e+17,-0.8181818181818181,-0.9090909090909084
nf3_ar_ccp_clean_2023,43,N2e2,plasma_state.radicals.N2_emit[2],3.5e+18,7e+17,1.8868070413076332e+18,4.0,1.695438630439476
cl2_ar_icp_fuller2001,7,Cl0,plasma_state.radicals.Cl[0],3e+18,1.8e+19,1.2965423797736315e+19,-0.8333333333333334,-0.2796986779035381
cl2_ar_icp_fuller2001,7,Cl1,plasma_state.radicals.Cl[1],3.5e+19,1.4e+19,2.0000768748687168e+18,1.5,-0.8571373660808059
cl2_ar_icp_fuller2001,7,Cl2,plasma_state.radicals.Cl[2],4e+18,9e+18,3.323025830877653e+19,-0.5555555555555556,2.6922509231973923
cl2_ar_icp_fuller2001,7,Cl2e0,plasma_state.radicals.Cl2_emit[0],1.5e+19,9e+18,4.803385014008713e+18,0.6666666666666667,-0.46629055399903185
cl2_ar_icp_fuller2001,7,Cl2e1,plasma_state.radicals.Cl2_emit[1],1.5e+18,7e+18,2.3732562204994237e+18,-0.7857142857142857,-0.660963397071511
cl2_ar_icp_fuller2001,7,Cl2e2,plasma_state.radicals.Cl2_emit[2],1.5e+19,4.5e+18,1.2620628523657376e+19,2.3333333333333335,1.8045841163683058
cl2_ar_icp_fuller2001,19,Cl0,plasma_state.radicals.Cl[0],3e+18,1.8e+19,2.1327010959696142e+19,-0.8333333333333334,0.18483394220534133
cl2_ar_icp_fuller2001,19,Cl1,plasma_state.radicals.Cl[1],3.5e+19,1.4e+19,1.6523871023229303e+19,1.5,0.1802765016592358
cl2_ar_icp_fuller2001,19,Cl2,plasma_state.radicals.Cl[2],4e+18,9e+18,1.1713368519339182e+19,-0.5555555555555556,0.3014853910376869
cl2_ar_icp_fuller2001,19,Cl2e0,plasma_state.radicals.Cl2_emit[0],1.5e+19,9e+18,5.273300344522662e+18,0.6666666666666667,-0.41407773949748206
cl2_ar_icp_fuller2001,19,Cl2e1,plasma_state.radicals.Cl2_emit[1],1.5e+18,7e+18,9.740092169479885e+18,-0.7857142857142857,0.3914417384971265
cl2_ar_icp_fuller2001,19,Cl2e2,plasma_state.radicals.Cl2_emit[2],1.5e+19,4.5e+18,3.474096720409591e+18,2.3333333333333335,-0.22797850657564644
cl2_ar_icp_fuller2001,43,Cl0,plasma_state.radicals.Cl[0],3e+18,1.8e+19,2.1328061925806543e+19,-0.8333333333333334,0.18489232921147458
cl2_ar_icp_fuller2001,43,Cl1,plasma_state.radicals.Cl[1],3.5e+19,1.4e+19,1.6524049255551529e+19,1.5,0.180289232539395
cl2_ar_icp_fuller2001,43,Cl2,plasma_state.radicals.Cl[2],4e+18,9e+18,1.171256908978041e+19,-0.5555555555555556,0.3013965655311568
cl2_ar_icp_fuller2001,43,Cl2e0,plasma_state.radicals.Cl2_emit[0],1.5e+19,9e+18,3.7656691404729754e+18,0.6666666666666667,-0.5815923177252249
cl2_ar_icp_fuller2001,43,Cl2e1,plasma_state.radicals.Cl2_emit[1],1.5e+18,7e+18,5.941113857107589e+18,-0.7857142857142857,-0.15126944898463013
cl2_ar_icp_fuller2001,43,Cl2e2,plasma_state.radicals.Cl2_emit[2],1.5e+19,4.5e+18,8.743937251642981e+18,2.3333333333333335,0.9430971670317736
