wavelength_nm,intensity
200.00000000,-1.938800878906e-01
200.50000000,-8.470119531250e-02
201.00000000,8.872312500000e-03
201.50000000,-1.336350000000e-01
202.00000000,-2.503280000000e-01
202.50000000,-2.569600000000e-01
203.00000000,-3.747040000000e-01
203.50000000,-1.403360000000e-01
204.00000000,5.651360000000e-01
204.50000000,4.958000000000e-01
205.00000000,9.465600000000e-02
205.50000000,6.223900000000e-02
206.00000000,-3.838570000000e-01
206.50000000,-3.908769062500e-01
207.00000000,-1.658557734375e-01
207.50000000,-1.745741181641e-01
208.00000000,1.492035019531e-01
208.50000000,1.187454687500e-02
209.00000000,1.374143750000e-01
209.50000000,2.637030000000e-01
210.00000000,1.201185000000e-01
210.50000000,2.348335000000e-01
211.00000000,5.942755000000e-01
211.50000000,1.447012500000e-01
212.00000000,4.491712500000e-02
212.50000000,8.942484375000e-02
213.00000000,3.999123046875e-02
213.50000000,1.554116982422e-01
214.00000000,1.502809519043e-01
214.50000000,4.988658745995e-01
215.00000000,3.097307019000e-01
215.50000000,2.756188771069e-01
216.00000000,1.662552072148e-01
216.50000000,1.626933781734e-01
217.00000000,1.223375644861e-01
217.50000000,5.307408680146e-02
218.00000000,3.316893579206e-02
218.50000000,2.504785007138e-02
219.00000000,2.155232944534e-01
219.50000000,1.415657577844e-02
220.00000000,3.330937838144e-02
220.50000000,-1.035938064231e-01
221.00000000,-2.891505684134e-01
221.50000000,1.205833764551e-01
222.00000000,8.897213036846e-02
222.50000000,4.912306279354e-02
223.00000000,9.922021943738e-03
223.50000000,-5.222006984227e-02
224.00000000,-3.788070456108e-01
224.50000000,-6.620097389046e-01
225.00000000,-5.006551751436e-01
225.50000000,-5.655650109365e-01
226.00000000,-2.532514368130e-01
226.50000000,-1.829890904203e-01
227.00000000,2.807492897900e-02
227.50000000,1.031815135715e-01
228.00000000,1.699429970309e-01
228.50000000,8.058493853731e-02
229.00000000,-4.433393246792e-01
229.50000000,-2.005351878784e-01
230.00000000,-2.256410356228e-02
230.50000000,-7.801748038381e-02
231.00000000,5.125847372790e-02
231.50000000,1.317789753606e-02
232.00000000,1.275420704283e-01
232.50000000,2.877174315309e-01
233.00000000,1.544396514171e-01
233.50000000,9.323505162060e-02
234.00000000,-2.417358321443e-01
234.50000000,-8.872683052793e-02
235.00000000,-3.398760149921e-01
235.50000000,-3.187633808964e-01
236.00000000,-3.001616801785e-01
236.50000000,1.694740178703e-01
237.00000000,1.950710992175e-01
237.50000000,4.338725702277e-02
238.00000000,-2.404528801642e-01
238.50000000,-3.036720154244e-01
239.00000000,-1.033888320836e-01
239.50000000,2.798327138398e-01
240.00000000,3.566978322394e-01
240.50000000,4.100409024365e-01
241.00000000,1.789186617201e-01
241.50000000,-7.796609015647e-02
242.00000000,-2.094005631808e-01
242.50000000,-2.305540135410e-01
243.00000000,-3.252452751654e-01
243.50000000,-1.753515224565e-01
244.00000000,-1.257546586463e-01
244.50000000,-2.788446771840e-01
245.00000000,-6.492985385816e-02
245.50000000,-2.067635375164e-01
246.00000000,1.463689136904e-03
246.50000000,-1.938522622692e-02
247.00000000,-2.367744012111e-02
247.50000000,8.721482167846e-03
248.00000000,6.918464883430e-02
248.50000000,8.600350645571e-02
249.00000000,-1.125987585354e-01
249.50000000,-1.802381803168e-01
250.00000000,1.902023173499e-01
250.50000000,1.876920766565e-01
251.00000000,1.117610679532e-01
251.50000000,8.577063149199e-02
252.00000000,1.690961755886e-01
252.50000000,5.515387075039e-01
253.00000000,8.544693144330e-01
253.50000000,7.487974097467e-01
254.00000000,1.173378833524e-01
254.50000000,4.209454599678e-01
255.00000000,1.448998084848e-01
255.50000000,1.315594880769e-01
256.00000000,-1.835220742840e-01
256.50000000,-1.866351575898e-01
257.00000000,-1.768146720456e-01
257.50000000,-1.693493752022e-01
258.00000000,-2.637889847770e-01
258.50000000,-2.291092831169e-01
259.00000000,1.588627184723e-01
259.50000000,-1.528486525288e-01
260.00000000,2.027655666604e-01
260.50000000,4.779975469037e-01
261.00000000,6.214940019094e-01
261.50000000,3.266768228495e-01
262.00000000,1.723360724344e-01
262.50000000,1.676954937101e-01
263.00000000,-2.311086108377e-01
263.50000000,-2.329352119088e-01
264.00000000,-2.183557156550e-01
264.50000000,5.079174244150e-02
265.00000000,3.735921175240e-01
265.50000000,1.801120256050e-02
266.00000000,6.195372341255e-02
266.50000000,-1.165717101918e-01
267.00000000,-1.215794554156e-01
267.50000000,-2.186388962868e-02
268.00000000,1.843735594456e-01
268.50000000,1.608042565300e-01
269.00000000,1.593370848516e-01
269.50000000,-1.634352146254e-02
270.00000000,3.015551001424e-02
270.50000000,1.464279481410e-01
271.00000000,4.094145185011e-01
271.50000000,6.496999061031e-01
272.00000000,5.969786926458e-01
272.50000000,8.643750052064e-01
273.00000000,7.018219208701e-01
273.50000000,5.314630492813e-01
274.00000000,3.538258429700e-01
274.50000000,4.538784376122e-01
275.00000000,1.174634769729e-01
275.50000000,-1.779090895337e-03
276.00000000,-6.248969078965e-01
276.50000000,-4.725804985307e-01
277.00000000,-4.056751389148e-01
277.50000000,-4.333000480629e-01
278.00000000,-3.108312181476e-01
278.50000000,-1.811076100013e-01
279.00000000,-1.571320956040e-01
279.50000000,-3.300571581983e-01
280.00000000,-1.369563663601e-01
280.50000000,-1.165564798698e-01
281.00000000,2.407054714406e-01
281.50000000,2.293184601908e-01
282.00000000,1.004486796158e-01
282.50000000,1.793913037605e-01
283.00000000,1.685138364904e-01
283.50000000,1.573208091683e-01
284.00000000,1.801241343211e-01
284.50000000,-2.798078845713e-01
285.00000000,-2.778491656123e-01
285.50000000,-5.429302805916e-01
286.00000000,-4.493905686578e-01
286.50000000,-5.253324191233e-01
287.00000000,-2.833515217197e-01
287.50000000,-3.267398167019e-01
288.00000000,-1.943943008292e-01
288.50000000,1.676217135970e-01
289.00000000,2.590813820835e-01
289.50000000,2.094261078455e-01
290.00000000,-3.589409545258e-02
290.50000000,-2.443865020234e-01
291.00000000,-2.303357000732e-01
291.50000000,4.584128780936e-02
292.00000000,3.828863348454e-01
292.50000000,9.020105387099e-01
293.00000000,8.352486694448e-01
293.50000000,7.418505917011e-01
294.00000000,3.259006948730e-01
294.50000000,1.192394209138e-01
295.00000000,-1.180475268481e-01
295.50000000,-1.787482060483e-01
296.00000000,-2.759198806330e-02
296.50000000,1.586941808998e-01
297.00000000,3.161996087954e-02
297.50000000,-2.025122612849e-01
298.00000000,-4.237287377394e-01
298.50000000,-4.281480818760e-01
299.00000000,-4.537846040941e-01
299.50000000,-1.629473284747e-01
300.00000000,-1.347535288889e-01
300.50000000,-1.117886995031e-01
301.00000000,-3.087275981630e-01
301.50000000,-3.548982012405e-01
302.00000000,-3.020138893432e-01
302.50000000,-4.554167462043e-01
303.00000000,-8.554127271605e-01
303.50000000,-1.256548470871e+00
304.00000000,-1.202254973734e+00
304.50000000,-7.618701969561e-01
305.00000000,-5.968451267392e-01
305.50000000,-1.777373940253e-01
306.00000000,1.391361854723e-01
306.50000000,2.228563904877e-01
307.00000000,1.945743003906e-01
307.50000000,5.653639843750e-03
308.00000000,-1.842896250000e-02
308.50000000,-3.648774500000e-01
309.00000000,-4.086376000000e-01
309.50000000,-2.833712000000e-01
310.00000000,-4.026784000000e-01
310.50000000,-2.198256000000e-01
311.00000000,-3.851256000000e-01
311.50000000,-2.754216000000e-01
312.00000000,3.684320000000e-02
312.50000000,2.092685000000e-01
313.00000000,4.667829500000e-01
313.50000000,1.401650781250e-02
314.00000000,9.916324316406e-02
314.50000000,1.072362174316e-01
315.00000000,2.391683729973e-02
315.50000000,5.136809362748e-02
316.00000000,-6.256768687179e-01
316.50000000,-3.355967901687e-01
317.00000000,-7.446313910278e-01
317.50000000,-2.455707048119e-01
318.00000000,-5.277829847847e-01
318.50000000,-6.059764190783e-01
319.00000000,-7.035041730590e-01
319.50000000,-2.737103634519e-01
320.00000000,7.568844702833e-02
320.50000000,1.557698791140e-01
321.00000000,2.462365203398e-01
321.50000000,1.056844198158e-01
322.00000000,9.956017484639e-03
322.50000000,2.993951780698e-01
323.00000000,-1.038870762340e-02
323.50000000,8.392979330508e-02
324.00000000,-2.238865665068e-01
324.50000000,-1.720821917114e-01
325.00000000,-2.312178740234e-01
325.50000000,-3.423766015625e-01
326.00000000,-1.712884250000e-01
326.50000000,-3.799386000000e-01
327.00000000,-1.326904000000e-01
327.50000000,-3.797120000000e-02
328.00000000,9.118464000000e-01
328.50000000,1.520940800000e+00
329.00000000,1.979225600000e+00
329.50000000,1.676454400000e+00
330.00000000,3.432432000000e-01
330.50000000,-4.774120000000e-02
331.00000000,-1.408909000000e-01
331.50000000,-3.221449000000e-01
332.00000000,-1.752098593750e-02
332.50000000,-1.649001785645e-01
333.00000000,-1.887451707764e-01
333.50000000,2.565848307248e-01
334.00000000,2.936147963301e-01
334.50000000,6.397415714747e-01
335.00000000,9.870700888277e-02
335.50000000,2.185787559793e-02
336.00000000,-5.774141338167e-02
336.50000000,3.733962134050e-01
337.00000000,2.034374363269e-01
337.50000000,1.739419915403e-01
338.00000000,4.260390649927e-01
338.50000000,7.045253430500e-01
339.00000000,6.054013840310e-01
339.50000000,4.755756311722e-01
340.00000000,5.883316292427e-01
340.50000000,2.811235454216e-01
341.00000000,2.923811300504e-02
341.50000000,8.853359537863e-02
342.00000000,-2.276705460296e-03
342.50000000,8.325233619255e-02
343.00000000,-3.094102799174e-01
343.50000000,-2.143338269838e-01
344.00000000,-5.754908664375e-02
344.50000000,-8.991996453474e-02
345.00000000,-2.492964755537e-01
345.50000000,-4.164174772574e-01
346.00000000,-5.780702512373e-01
346.50000000,-7.852943379013e-01
347.00000000,-4.843488782820e-01
347.50000000,-5.098760860414e-01
348.00000000,-2.386265216370e-01
348.50000000,-2.972919470979e-01
349.00000000,-3.250718285758e-01
349.50000000,-3.655325339030e-01
350.00000000,-4.888321151814e-01
350.50000000,-6.895876627622e-01
351.00000000,-5.618188004619e-01
351.50000000,-6.548990330032e-01
352.00000000,-2.596624235907e-01
352.50000000,-1.193522250580e-01
353.00000000,3.062112422388e-01
353.50000000,3.715595445977e-01
354.00000000,5.209842451210e-01
354.50000000,8.870587493909e-01
355.00000000,4.460583550518e-01
355.50000000,2.604362469527e-01
356.00000000,3.660756256439e-02
356.50000000,3.684148860868e-01
357.00000000,5.142612713850e-01
357.50000000,5.417463723288e-01
358.00000000,7.253526243394e-01
358.50000000,8.646894106047e-01
359.00000000,6.850224599636e-01
359.50000000,6.313940120099e-01
360.00000000,6.249956643199e-01
360.50000000,1.944217310929e-01
361.00000000,2.345169649546e-01
361.50000000,-3.064597987045e-01
362.00000000,2.684342921187e-02
362.50000000,3.397763657554e-01
363.00000000,1.640657063790e-01
363.50000000,2.500629985667e-01
364.00000000,-1.613298023747e-01
364.50000000,-5.523400583841e-01
365.00000000,-3.393249986642e-01
365.50000000,-2.808440657594e-01
366.00000000,-4.095509213134e-01
366.50000000,-1.916085146981e-01
367.00000000,-4.498773210922e-01
367.50000000,-3.982170666983e-01
368.00000000,-3.378557082133e-01
368.50000000,-3.154403849057e-01
369.00000000,-4.387471468394e-01
369.50000000,-5.157609502929e-01
370.00000000,-5.647987153719e-01
370.50000000,-8.005348919680e-01
371.00000000,-7.585982203024e-01
371.50000000,-9.762855753125e-01
372.00000000,-4.025346146225e-01
372.50000000,-1.802191741096e-01
373.00000000,-3.092797026623e-01
373.50000000,-2.821696575345e-01
374.00000000,-1.857120471324e-01
374.50000000,-2.540058574437e-01
375.00000000,-1.260044283931e-01
375.50000000,-2.002787048360e-01
376.00000000,1.831793564548e-01
376.50000000,3.612828944405e-01
377.00000000,6.418724325997e-01
377.50000000,6.170283603650e-01
378.00000000,5.404947686753e-01
378.50000000,9.486815638849e-01
379.00000000,8.502057784244e-01
379.50000000,7.187734191796e-01
380.00000000,-1.419001608892e-01
380.50000000,-1.803210998391e-01
381.00000000,-2.539442922411e-01
381.50000000,-2.212823159770e-01
382.00000000,-7.643809464950e-02
382.50000000,1.320438680436e-02
383.00000000,-1.912044276677e-01
383.50000000,-5.602952124620e-01
384.00000000,-8.072534210738e-01
384.50000000,-7.762634200026e-01
385.00000000,-9.246190053346e-01
385.50000000,-9.829723078735e-01
386.00000000,-6.926375180175e-01
386.50000000,-5.876140426775e-02
387.00000000,-1.223004401468e-02
387.50000000,1.922225774516e-01
388.00000000,-2.859068758915e-01
388.50000000,-6.889101717225e-01
389.00000000,-7.538111546971e-01
389.50000000,-9.270177902695e-01
390.00000000,-4.805968615893e-01
390.50000000,-4.906241950085e-01
391.00000000,-3.186037092103e-01
391.50000000,-4.237624352555e-01
392.00000000,-4.120383931396e-01
392.50000000,-5.001406638643e-01
393.00000000,-6.765416508749e-01
393.50000000,-5.796711990551e-01
394.00000000,-4.316403909622e-01
394.50000000,-2.919192464526e-01
395.00000000,-1.390717811779e-01
395.50000000,-3.729536138108e-01
396.00000000,-3.673994445434e-01
396.50000000,-3.291181341623e-01
397.00000000,-5.063523433214e-01
397.50000000,-4.308855510149e-01
398.00000000,-9.625837472476e-01
398.50000000,-5.723517368424e-01
399.00000000,-9.913911546662e-01
399.50000000,-8.380842191643e-01
400.00000000,-4.760297313244e-01
400.50000000,-1.588643500744e-01
401.00000000,-1.268823546034e-01
401.50000000,-1.477905699577e-01
402.00000000,-1.829827326775e-01
402.50000000,6.328108684363e-02
403.00000000,1.723218914237e-01
403.50000000,4.823086747171e-01
404.00000000,4.107586897682e-01
404.50000000,7.039796536746e-01
405.00000000,6.734325882103e-01
405.50000000,8.711816669079e-01
406.00000000,6.847578849873e-01
406.50000000,4.255566888326e-01
407.00000000,1.516572092783e-01
407.50000000,-3.997949267559e-01
408.00000000,-1.280078184648e-01
408.50000000,-6.121498726348e-01
409.00000000,2.650590206693e-01
409.50000000,-9.870673309457e-02
410.00000000,-1.060495427828e-01
410.50000000,-6.581097666874e-01
411.00000000,-5.535636227582e-01
411.50000000,-6.706580629626e-01
412.00000000,-4.642422984417e-01
412.50000000,-6.325896373239e-01
413.00000000,-9.264939265370e-01
413.50000000,-1.322601527514e+00
414.00000000,-1.288632687644e+00
414.50000000,-9.228180620032e-01
415.00000000,-9.280846397557e-01
415.50000000,-6.695736458914e-01
416.00000000,-4.198343029851e-01
416.50000000,-3.530989873277e-01
417.00000000,-3.610772689275e-01
417.50000000,-5.042003146477e-01
418.00000000,-6.149272487117e-01
418.50000000,-3.159401003941e-01
419.00000000,-3.499398132894e-01
419.50000000,-2.143281781154e-01
420.00000000,-3.692076196819e-01
420.50000000,-1.604989315067e-01
421.00000000,-2.980455706611e-01
421.50000000,-1.921014938749e-01
422.00000000,-5.461074555712e-01
422.50000000,-2.246390230138e-01
423.00000000,-1.567666264514e-01
423.50000000,4.040681416099e-01
424.00000000,2.273211724332e-01
424.50000000,4.021170735561e-01
425.00000000,8.777997778563e-01
425.50000000,5.864454382452e-01
426.00000000,4.860504613063e-01
426.50000000,4.936254487351e-01
427.00000000,4.333146462330e-01
427.50000000,3.976251931023e-01
428.00000000,4.723577846017e-01
428.50000000,2.838151045181e-01
429.00000000,7.193428206190e-02
429.50000000,4.727338113091e-01
430.00000000,-1.518247119340e-01
430.50000000,2.376676873934e-02
431.00000000,-5.449564923846e-01
431.50000000,-8.002101200012e-01
432.00000000,-8.223614311523e-01
432.50000000,-1.057250263281e+00
433.00000000,-5.681446812500e-01
433.50000000,-2.563771000000e-01
434.00000000,1.498928000000e-01
434.50000000,5.079016000000e-01
435.00000000,-9.237760000000e-02
435.50000000,-8.786096000000e-01
436.00000000,-8.331456000000e-01
436.50000000,-6.716864000000e-01
437.00000000,-2.086512000000e-01
437.50000000,-5.653095000000e-02
438.00000000,2.744148312500e-01
438.50000000,-7.461606718750e-02
439.00000000,-5.044029704102e-01
439.50000000,-4.998610074951e-01
440.00000000,-7.178339654821e-01
440.50000000,-2.805897957444e-01
441.00000000,-4.042284909116e-01
441.50000000,-2.552300345909e-01
442.00000000,-3.673531931796e-01
442.50000000,-1.413642373119e-01
443.00000000,-1.263471274660e-01
443.50000000,3.463809310649e-01
444.00000000,3.447688108470e-01
444.50000000,6.170630351436e-01
445.00000000,2.711389503339e-01
445.50000000,1.290049084806e-01
446.00000000,2.740887382577e-02
446.50000000,-3.227050129267e-02
447.00000000,-3.930971123188e-01
447.50000000,-4.524352880028e-01
448.00000000,-3.545587099547e-01
448.50000000,-9.062741379302e-02
449.00000000,-1.869576352898e-01
449.50000000,-5.803844907272e-01
450.00000000,-5.185805545410e-01
450.50000000,-4.613982945313e-01
451.00000000,-4.078259562500e-01
451.50000000,-1.946679750000e-01
452.00000000,2.850624000000e-01
452.50000000,3.563400000000e-02
453.00000000,5.473328000000e-01
453.50000000,9.532480000000e-02
454.00000000,4.751360000000e-02
454.50000000,-3.578256000000e-01
455.00000000,-5.311226000000e-01
455.50000000,-7.555721000000e-01
456.00000000,-2.469884125000e-01
456.50000000,-9.270172968750e-02
457.00000000,-3.564184746094e-02
457.50000000,2.217064913330e-02
458.00000000,-2.670007344727e-01
458.50000000,-4.448618991160e-02
459.00000000,8.505224008841e-02
459.50000000,-2.944060754969e-01
460.00000000,-5.419248578844e-01
460.50000000,-8.888961292374e-01
461.00000000,-5.513692372341e-01
461.50000000,-7.814563564175e-01
462.00000000,-7.227124944946e-01
462.50000000,-5.774191922515e-01
463.00000000,-8.096105480112e-01
463.50000000,-4.975627338684e-01
464.00000000,-3.447434639529e-01
464.50000000,-7.685317777780e-02
465.00000000,-2.686428005774e-01
465.50000000,-6.590636073843e-01
466.00000000,-9.300102210040e-01
466.50000000,-5.392190541949e-01
467.00000000,-4.923149535445e-01
467.50000000,-3.247099046426e-01
468.00000000,-2.955574724551e-01
468.50000000,-7.037664381564e-01
469.00000000,-6.242422317085e-01
469.50000000,-1.793977675799e-01
470.00000000,4.419798689554e-01
470.50000000,8.300537610221e-01
471.00000000,1.234401936230e+00
471.50000000,8.144570521847e-01
472.00000000,6.343875762046e-01
472.50000000,-3.591751647657e-02
473.00000000,-3.003619861606e-01
473.50000000,-5.686910444356e-01
474.00000000,-5.034174307760e-01
474.50000000,-3.789121505328e-01
475.00000000,-6.697394021303e-02
475.50000000,1.679054685796e-01
476.00000000,-1.642243566147e-01
476.50000000,-3.676133723870e-01
477.00000000,-1.853890481423e-01
477.50000000,-2.206866667515e-01
478.00000000,-3.483905025382e-01
478.50000000,2.046126911672e-01
479.00000000,-1.739367265064e-01
479.50000000,-7.678340913871e-02
480.00000000,-4.256013656899e-01
480.50000000,-1.350921400233e-01
481.00000000,1.081092928565e-01
481.50000000,-9.670530403814e-02
482.00000000,2.277302997442e-01
482.50000000,1.823458914268e-01
483.00000000,4.812941712091e-01
483.50000000,4.019459351856e-02
484.00000000,5.187460845953e-02
484.50000000,-3.345101439509e-01
485.00000000,-6.838196840120e-01
485.50000000,-2.148438904896e-01
486.00000000,-3.299081264499e-01
486.50000000,1.568414910389e-02
487.00000000,-6.812568718613e-02
487.50000000,-5.685600237820e-01
488.00000000,-3.859244446794e-01
488.50000000,-1.875141607797e-02
489.00000000,3.147441004744e-01
489.50000000,6.720862434965e-01
490.00000000,6.417418778895e-01
490.50000000,5.373618470280e-01
491.00000000,3.303437931416e-01
491.50000000,5.816773741788e-01
492.00000000,5.001219975264e-01
492.50000000,4.846955056510e-01
493.00000000,4.642468027148e-01
493.50000000,1.376215223105e-01
494.00000000,-5.610014616149e-02
494.50000000,4.029309353874e-02
495.00000000,3.866055637622e-01
495.50000000,4.487595316998e-01
496.00000000,1.009627179907e+00
496.50000000,6.808512670281e-01
497.00000000,5.987275579599e-01
497.50000000,2.317302821777e-01
498.00000000,2.168564105986e-01
498.50000000,-3.667130608000e-01
499.00000000,2.711175104196e-01
499.50000000,-2.950025163421e-02
500.00000000,1.700170108126e-01
500.50000000,-3.183279675941e-01
501.00000000,-4.302283945819e-02
501.50000000,2.299951792956e-01
502.00000000,2.316319887125e-01
502.50000000,-3.269141876381e-02
503.00000000,5.007897376062e-02
503.50000000,-6.720522603675e-01
504.00000000,-6.738785798096e-01
504.50000000,-1.022176135753e+00
505.00000000,1.745517683432e-01
505.50000000,1.983683606900e-01
506.00000000,-2.428347808331e-01
506.50000000,-3.218509375259e-01
507.00000000,-5.097755598838e-01
507.50000000,-5.331342912956e-01
508.00000000,-5.245446482502e-01
508.50000000,-5.671594840171e-01
509.00000000,-1.277520185771e-01
509.50000000,4.160316856124e-01
510.00000000,-3.474189953037e-01
510.50000000,5.923222163542e-01
511.00000000,3.456201196186e-01
511.50000000,2.100196486976e-01
512.00000000,-2.227663680436e-01
512.50000000,-9.874152094080e-03
513.00000000,1.034137757633e-01
513.50000000,3.475910569179e-01
514.00000000,4.046009647446e-01
514.50000000,5.180266075651e-01
515.00000000,2.697571037792e-01
515.50000000,-3.144275464391e-01
516.00000000,-1.957330476711e-01
516.50000000,-3.340527954473e-01
517.00000000,-1.648206943889e-01
517.50000000,-2.736575785442e-03
518.00000000,-1.852377555993e-01
518.50000000,-1.701465011042e-01
519.00000000,-3.441236787230e-01
519.50000000,-2.652775544562e-01
520.00000000,-5.847923896122e-03
520.50000000,-2.141255724891e-02
521.00000000,-5.515972329233e-02
521.50000000,3.865204425265e-01
522.00000000,3.382199886127e-01
522.50000000,4.040353824994e-01
523.00000000,8.771333444545e-01
523.50000000,7.739998991392e-01
524.00000000,1.061755547071e+00
524.50000000,5.033617670494e-01
525.00000000,8.308162673891e-01
525.50000000,4.084707259522e-01
526.00000000,-2.241029225695e-01
526.50000000,2.140280851496e-01
527.00000000,2.150254309668e-01
527.50000000,6.453494519586e-01
528.00000000,1.288175810185e+00
528.50000000,1.875690606775e-01
529.00000000,-1.030420568143e+00
529.50000000,-2.544394871561e-01
530.00000000,-1.681918819997e-01
530.50000000,2.179231185151e-01
531.00000000,3.644902406433e-01
531.50000000,1.030741031835e-01
532.00000000,1.664885701747e-01
532.50000000,-8.447258256079e-03
533.00000000,-1.279527331190e-01
533.50000000,3.543130280896e-03
534.00000000,9.332120694993e-03
534.50000000,1.714042820488e-01
535.00000000,9.303256523318e-01
535.50000000,1.171198464905e+00
536.00000000,1.754281941426e+00
536.50000000,1.225737694093e+00
537.00000000,1.057349361221e+00
537.50000000,5.058780272752e-01
538.00000000,6.377353125608e-02
538.50000000,-2.029821215545e-01
539.00000000,-2.839693285598e-01
539.50000000,-4.217436953764e-01
540.00000000,-1.475003027674e-01
540.50000000,-1.356289772748e-01
541.00000000,1.987680593969e-01
541.50000000,2.941458966266e-02
542.00000000,1.019236167576e-01
542.50000000,8.409786796919e-02
543.00000000,2.682323596590e-01
543.50000000,5.858839024237e-01
544.00000000,1.491351122438e-01
544.50000000,3.775973972234e-01
545.00000000,4.158043562278e-01
545.50000000,-1.924246969883e-02
546.00000000,4.026544766090e-01
546.50000000,1.917648080110e-01
547.00000000,8.191830860489e-01
547.50000000,8.644686205075e-01
548.00000000,1.398193797243e+00
548.50000000,6.126693159938e-01
549.00000000,3.511481406857e-01
549.50000000,5.676424176891e-01
550.00000000,4.007506553053e-01
550.50000000,3.063079798043e-01
551.00000000,1.303742364630e-01
551.50000000,1.899470458459e-01
552.00000000,2.029998690283e-01
552.50000000,5.017973164952e-01
553.00000000,2.095523095791e-01
553.50000000,4.242806194320e-01
554.00000000,6.321231811070e-01
554.50000000,4.485947810574e-01
555.00000000,7.523687640606e-01
555.50000000,-7.688050897331e-02
556.00000000,3.125426055439e-01
556.50000000,-1.119671974976e-01
557.00000000,-1.169430900391e-01
557.50000000,-5.448275062500e-01
558.00000000,-7.333176750000e-01
558.50000000,-1.770882000000e-01
559.00000000,4.472024000000e-01
559.50000000,4.968000000000e-01
560.00000000,1.489913600000e+00
560.50000000,1.390272000000e+00
561.00000000,3.971264000000e-01
561.50000000,4.466480000000e-01
562.00000000,3.224936000000e-01
562.50000000,-1.364080000000e-01
563.00000000,-2.308982500000e-01
563.50000000,-2.895123187500e-01
564.00000000,-1.296626371094e-01
564.50000000,-2.940817882568e-01
565.00000000,2.915008244781e-02
565.50000000,-1.191941860777e-01
566.00000000,2.975606660809e-01
566.50000000,-7.963289962375e-02
567.00000000,2.410983435776e-01
567.50000000,4.770964799739e-01
568.00000000,8.746890982365e-01
568.50000000,6.339288114411e-01
569.00000000,3.231378509582e-01
569.50000000,1.409740284463e-01
570.00000000,-1.345782152767e-01
570.50000000,1.417880874351e-01
571.00000000,9.640581498545e-02
571.50000000,1.560488706523e-01
572.00000000,1.863161465965e-02
572.50000000,-9.355427005461e-02
573.00000000,6.410847360371e-02
573.50000000,2.973703133029e-01
574.00000000,1.936711831501e-01
574.50000000,1.373720415237e-01
575.00000000,-1.699113396973e-01
575.50000000,-1.016189554687e-01
576.00000000,-1.017338562500e-01
576.50000000,2.011995250000e-01
577.00000000,-1.353776000000e-01
577.50000000,-1.353596000000e-01
578.00000000,-2.214512000000e-01
578.50000000,-6.886752000000e-01
579.00000000,-9.344128000000e-01
579.50000000,-5.653968000000e-01
580.00000000,-4.976818000000e-01
580.50000000,2.180607000000e-01
581.00000000,-2.045790625000e-01
581.50000000,-5.598394843750e-02
582.00000000,7.996604101562e-03
582.50000000,4.470721398926e-03
583.00000000,-5.407885170532e-01
583.50000000,-4.558420255842e-01
584.00000000,-2.604951701415e-01
584.50000000,2.163515186917e-02
585.00000000,6.257318378913e-01
585.50000000,9.881404621087e-01
586.00000000,1.479861685705e+00
586.50000000,9.965215352491e-01
587.00000000,7.040737323927e-01
587.50000000,2.228887609023e-01
588.00000000,1.341655341828e-01
588.50000000,-2.730740866538e-02
589.00000000,4.362421167981e-01
589.50000000,5.160484160905e-01
590.00000000,5.421971307817e-01
590.50000000,5.511264471766e-01
591.00000000,4.875050509822e-01
591.50000000,3.882145451691e-01
592.00000000,1.851006760921e-01
592.50000000,4.800153893110e-01
593.00000000,1.668690216303e-01
593.50000000,1.924733602326e-01
594.00000000,4.463053872734e-01
594.50000000,1.131311564473e-01
595.00000000,3.173399001989e-01
595.50000000,-1.724288209480e-01
596.00000000,-1.173671003695e-01
596.50000000,5.769940481553e-02
597.00000000,2.017688867079e-02
597.50000000,2.547627838711e-01
598.00000000,3.601530361435e-01
598.50000000,1.024046867733e+00
599.00000000,5.858814503566e-01
599.50000000,7.417435401057e-01
600.00000000,6.754301213338e-01
600.50000000,8.053985021415e-02
601.00000000,4.687421204288e-03
601.50000000,-2.752726361604e-01
602.00000000,-5.035087654595e-02
602.50000000,-3.809427224997e-01
603.00000000,-3.943864026141e-01
603.50000000,-8.091671045350e-01
604.00000000,4.844724213383e-01
604.50000000,6.820878944361e-02
605.00000000,-2.863296211614e-01
605.50000000,-1.870787063412e-01
606.00000000,-2.433534361903e-01
606.50000000,-9.064047885130e-02
607.00000000,-7.318848648352e-02
607.50000000,3.499434215298e-01
608.00000000,7.775677987556e-01
608.50000000,7.116156615670e-01
609.00000000,4.823536577269e-01
609.50000000,8.245595648045e-01
610.00000000,1.777934671429e+00
610.50000000,1.696937146065e+00
611.00000000,1.934218193032e+00
611.50000000,1.124357701956e+00
612.00000000,7.344063838312e-01
612.50000000,1.427415631080e-01
613.00000000,2.731214443191e-01
613.50000000,-2.266273237118e-01
614.00000000,-3.740185819574e-01
614.50000000,3.248910081977e-03
615.00000000,-9.572747651945e-02
615.50000000,2.884179049903e-01
616.00000000,2.447069050417e-02
616.50000000,7.669075252666e-01
617.00000000,7.095120250352e-01
617.50000000,6.202635242731e-01
618.00000000,2.519210474433e-01
618.50000000,-3.350448702086e-01
619.00000000,-4.101129254259e-01
619.50000000,-8.141376731706e-01
620.00000000,-1.775524737445e-01
620.50000000,7.251027373231e-01
621.00000000,7.685202985993e-01
621.50000000,5.901679502350e-01
622.00000000,4.073454915395e-02
622.50000000,-3.675497071710e-01
623.00000000,-5.424395887229e-01
623.50000000,-5.247665546528e-01
624.00000000,-4.469315866609e-01
624.50000000,-2.767533909208e-01
625.00000000,-2.415616242524e-01
625.50000000,-1.495187246456e-01
626.00000000,2.302325420468e-01
626.50000000,2.235426314987e-01
627.00000000,3.412864255234e-01
627.50000000,8.286519093298e-01
628.00000000,5.710646941632e-01
628.50000000,1.343194164210e+00
629.00000000,2.158828305265e+00
629.50000000,1.646527153838e+00
630.00000000,1.103174326007e+00
630.50000000,6.859453829148e-01
631.00000000,1.443710486784e-01
631.50000000,1.912557754672e-01
632.00000000,1.083808047036e-01
632.50000000,6.280267664324e-01
633.00000000,4.621421426100e-01
633.50000000,3.661895038117e-01
634.00000000,1.130328499866e+00
634.50000000,7.624601722475e-01
635.00000000,5.552888169854e-02
635.50000000,-2.155268373541e+00
636.00000000,-1.897875456505e+00
636.50000000,-1.453873068982e+00
637.00000000,-1.051874506349e+00
637.50000000,-5.808035099415e-01
638.00000000,-5.429283521296e-01
638.50000000,-5.399923084946e-01
639.00000000,-3.281433019879e-01
639.50000000,-2.520061627754e-01
640.00000000,-2.845454590716e-01
640.50000000,-2.154812868502e-01
641.00000000,1.417314790416e-01
641.50000000,-1.796887911813e-01
642.00000000,-3.054284322612e-01
642.50000000,-2.826056213823e-01
643.00000000,-4.470733234118e-01
643.50000000,-4.760673279324e-01
644.00000000,-4.100454169060e-01
644.50000000,-3.888534558330e-01
645.00000000,6.121189576372e-02
645.50000000,2.605386558508e-01
646.00000000,3.501758608241e-01
646.50000000,5.250829909416e-01
647.00000000,2.865172802382e-01
647.50000000,4.568204359062e-01
648.00000000,5.561016395908e-01
648.50000000,9.634173245814e-01
649.00000000,7.661572106272e-01
649.50000000,9.075973142661e-01
650.00000000,1.152493195809e+00
650.50000000,1.419379693352e+00
651.00000000,1.177058757209e+00
651.50000000,7.309781643026e-01
652.00000000,3.694647275193e-01
652.50000000,5.234501558301e-01
653.00000000,3.957517388665e-01
653.50000000,-4.175063922919e-01
654.00000000,-1.231019379877e+00
654.50000000,-7.441361331439e-01
655.00000000,-7.358171410333e-01
655.50000000,-2.494549953109e-01
656.00000000,-1.273411066609e-01
656.50000000,-1.691710194612e-01
657.00000000,-1.794071988418e-01
657.50000000,-3.491030352365e-01
658.00000000,-6.203905887827e-01
658.50000000,-6.009912375473e-01
659.00000000,-5.166925205043e-01
659.50000000,-8.044441777268e-01
660.00000000,-1.053582507479e+00
660.50000000,-1.011166956102e+00
661.00000000,-5.756979080790e-01
661.50000000,-5.002661686325e-01
662.00000000,-1.077752073442e-01
662.50000000,4.358015908610e-01
663.00000000,5.820267306098e-01
663.50000000,8.845073915817e-01
664.00000000,6.367730198312e-01
664.50000000,7.449295861519e-01
665.00000000,6.414883276005e-01
665.50000000,3.626541505268e-01
666.00000000,3.577316333933e-01
666.50000000,1.917428403588e-01
667.00000000,4.660742376528e-01
667.50000000,6.518832228895e-01
668.00000000,8.553941801047e-01
668.50000000,7.161784870964e-01
669.00000000,2.383191048707e-01
669.50000000,-4.558806739222e-01
670.00000000,-3.536085285275e-01
670.50000000,-5.562061097242e-02
671.00000000,3.121118763920e-01
671.50000000,3.047620013173e-01
672.00000000,2.255727466020e-01
672.50000000,-1.424842873528e-02
673.00000000,-1.722091946390e-01
673.50000000,-5.344672766886e-01
674.00000000,-9.240457968238e-01
674.50000000,-8.940403317726e-01
675.00000000,-1.013290470526e+00
675.50000000,-1.078918870418e+00
676.00000000,-9.834097632034e-01
676.50000000,-1.938325505440e-01
677.00000000,3.960073955545e-01
677.50000000,-2.620923997940e-01
678.00000000,-5.732141358873e-01
678.50000000,1.193683020280e+00
679.00000000,3.360388731266e+02
679.50000000,3.531185224140e+04
680.00000000,2.569488417967e+06
680.50000000,1.295028999497e+08
681.00000000,4.524715958480e+09
681.50000000,1.096685605091e+11
682.00000000,1.845033067431e+12
682.50000000,2.155655110495e+13
683.00000000,1.749877677817e+14
683.50000000,9.873470699220e+14
684.00000000,3.873686154686e+15
684.50000000,1.057071447946e+16
685.00000000,2.006836427687e+16
685.50000000,2.651032451705e+16
686.00000000,2.436932760050e+16
686.50000000,1.558792722409e+16
687.00000000,6.937479571516e+15
687.50000000,2.147827029463e+15
688.00000000,4.624491644574e+14
688.50000000,6.922299070693e+13
689.00000000,7.200939511101e+12
689.50000000,5.203442411017e+11
690.00000000,2.610630791467e+10
690.50000000,9.089058220274e+08
691.00000000,2.194519614758e+07
691.50000000,3.671760472172e+05
692.00000000,4.252427909638e+03
692.50000000,3.355212266006e+01
693.00000000,-1.445160893698e-01
693.50000000,-1.064604475637e-02
694.00000000,4.311209382288e-01
694.50000000,1.010655094429e+00
695.00000000,1.125801397322e+00
695.50000000,-1.612738468730e-02
696.00000000,-8.816928354233e-02
696.50000000,1.550761394495e-01
697.00000000,9.597889917265e+01
697.50000000,1.132537524264e+04
698.00000000,9.162618722106e+05
698.50000000,5.132677664914e+07
699.00000000,1.992728029660e+09
699.50000000,5.365998852717e+10
700.00000000,1.002802402562e+12
700.50000000,1.301283176429e+13
701.00000000,1.173075377821e+14
701.50000000,7.349602983282e+14
702.00000000,3.201481669669e+15
702.50000000,9.699026191929e+15
703.00000000,2.044122242313e+16
703.50000000,2.997542094248e+16
704.00000000,3.058753598504e+16
704.50000000,2.171934182923e+16
705.00000000,1.073087127995e+16
705.50000000,3.688377569257e+15
706.00000000,8.817383119651e+14
706.50000000,1.465582356517e+14
707.00000000,1.693105914839e+13
707.50000000,1.358868483776e+12
708.00000000,7.573322083527e+10
708.50000000,2.929440929421e+09
709.00000000,7.859833794631e+07
709.50000000,1.461709653401e+06
710.00000000,1.882536874831e+04
710.50000000,1.687424633770e+02
711.00000000,1.702451555748e+00
711.50000000,7.038788064727e-02
712.00000000,1.174981158862e-01
712.50000000,-1.295786502660e-01
713.00000000,-2.320711433998e-01
713.50000000,-2.916900298630e-01
714.00000000,-1.734215545346e-01
714.50000000,-4.454594986506e-01
715.00000000,-6.242138334434e-01
715.50000000,-5.563096084266e-01
716.00000000,-6.042756843446e-01
716.50000000,-5.639788198889e-01
717.00000000,-3.625216808273e-01
717.50000000,2.687754383106e-01
718.00000000,2.070100009966e-01
718.50000000,3.170802372258e-01
719.00000000,-5.586523670016e-01
719.50000000,7.444491196926e-02
720.00000000,5.774528392686e-01
720.50000000,5.667200326212e-01
721.00000000,8.210107358049e-01
721.50000000,5.498213364758e-01
722.00000000,5.540879285488e-01
722.50000000,9.612093607169e-02
723.00000000,1.691563853157e-02
723.50000000,2.355363563880e-02
724.00000000,9.669939478713e-02
724.50000000,2.328477372362e-01
725.00000000,4.302427845669e-01
725.50000000,5.529216535554e-01
726.00000000,9.740909493435e-01
726.50000000,6.293788427765e-01
727.00000000,2.810451625063e-01
727.50000000,1.747076876029e-01
728.00000000,2.623188966941e-01
728.50000000,-1.973749711115e-01
729.00000000,-8.063302767300e-01
729.50000000,-6.520394266484e-01
730.00000000,-5.987674056205e-01
730.50000000,-9.608086724989e-01
731.00000000,-1.143533948635e+00
731.50000000,-5.495679551963e-01
732.00000000,-7.064337192403e-02
732.50000000,3.021926158805e-01
733.00000000,1.355068598440e-01
733.50000000,-2.669209801057e-02
734.00000000,-3.710210302482e-01
734.50000000,-7.454767220258e-01
735.00000000,-5.326158938585e-02
735.50000000,4.332846362472e-02
736.00000000,5.260518855597e-01
736.50000000,1.297008556972e-01
737.00000000,4.406406671696e-02
737.50000000,-2.794542501307e-02
738.00000000,-8.676588826488e-03
738.50000000,1.303014090458e-01
739.00000000,2.629077722235e-01
739.50000000,5.596994740427e-01
740.00000000,4.014122019806e-01
740.50000000,-3.215322090530e-02
741.00000000,-8.733515523813e-02
741.50000000,8.728678619473e-02
742.00000000,1.103810666092e-01
742.50000000,5.163345752601e-02
743.00000000,-3.060298550779e-01
743.50000000,-2.265715702318e-01
744.00000000,-8.380698429118e-03
744.50000000,-2.801689758749e-01
745.00000000,-1.871578080521e-01
745.50000000,-1.759189051920e-01
746.00000000,6.663484224580e-02
746.50000000,-7.552884788648e-03
747.00000000,-2.811433988462e-02
747.50000000,-2.981487799476e-01
748.00000000,-3.536505425619e-01
748.50000000,-6.636701189558e-01
749.00000000,-6.270849350735e-01
749.50000000,-4.155494651130e-01
750.00000000,1.845362795899e-01
750.50000000,4.630825347468e-01
751.00000000,1.605966379763e-01
751.50000000,2.368225270147e-02
752.00000000,-2.568022900127e-01
752.50000000,-2.410217923080e-01
753.00000000,4.144188668820e-01
753.50000000,8.504433027676e-01
754.00000000,1.141674058320e+00
754.50000000,1.027396703507e+00
755.00000000,5.175059126979e-01
755.50000000,5.329844898856e-01
756.00000000,5.460496694440e-01
756.50000000,5.219087751786e-01
757.00000000,-1.280608335787e-01
757.50000000,-5.114068749977e-01
758.00000000,-6.606182450945e-01
758.50000000,-9.438761873325e-01
759.00000000,-1.477380498507e-01
759.50000000,-5.669044317067e-02
760.00000000,7.213220362951e-01
760.50000000,4.976338834503e-01
761.00000000,6.023758582443e-01
761.50000000,1.796427948513e-01
762.00000000,-1.466379350807e-02
762.50000000,-7.159526298081e-02
763.00000000,-1.058037299804e-01
763.50000000,1.693526352918e-02
764.00000000,4.799690194113e-02
764.50000000,-4.311398155846e-01
765.00000000,-5.366516046561e-01
765.50000000,-6.154341671543e-01
766.00000000,-3.087595345492e-01
766.50000000,-1.476878694265e-01
767.00000000,1.674578904224e-01
767.50000000,1.524510611142e-01
768.00000000,3.122923871992e-01
768.50000000,1.100846658893e-01
769.00000000,5.462343013619e-01
769.50000000,6.145921796808e-02
770.00000000,-2.043241890229e-01
770.50000000,-8.593045142208e-02
771.00000000,2.931753095808e-02
771.50000000,3.005849753231e-01
772.00000000,1.056105382748e-01
772.50000000,8.304860577636e-02
773.00000000,4.572320918609e-01
773.50000000,4.258855951037e-01
774.00000000,2.972131276915e-02
774.50000000,1.360042153735e-01
775.00000000,-2.097913376451e-01
775.50000000,-3.720107947484e-01
776.00000000,-6.311533587832e-01
776.50000000,-4.867636315683e-01
777.00000000,-1.007507608278e-01
777.50000000,-1.442489921320e-01
778.00000000,-3.945452435090e-02
778.50000000,-9.169634047300e-01
779.00000000,-4.315641475510e-01
779.50000000,5.067443995471e-02
780.00000000,2.790275983840e-01
780.50000000,3.933527257551e-01
781.00000000,2.828182900720e-01
781.50000000,1.546081439709e-01
782.00000000,2.580756091537e-01
782.50000000,1.270261986022e-01
783.00000000,2.035235625813e-01
783.50000000,1.471308908214e-01
784.00000000,-1.802786470455e-01
784.50000000,-2.495876431886e-01
785.00000000,-2.844798439042e-01
785.50000000,1.757558980684e-01
786.00000000,3.243348212618e-01
786.50000000,4.881120175294e-01
787.00000000,5.647368191311e-01
787.50000000,2.560349202346e-01
788.00000000,1.002158226002e-01
788.50000000,-1.080250027781e-01
789.00000000,1.272858989090e-01
789.50000000,9.068988463587e-02
790.00000000,3.057959445822e-02
790.50000000,4.306718106467e-01
791.00000000,3.186444490374e-01
791.50000000,3.326487438920e-03
792.00000000,-3.158505597039e-01
792.50000000,-4.236838274910e-01
793.00000000,-5.594445883117e-01
793.50000000,-3.813901561988e-01
794.00000000,8.658959869940e-02
794.50000000,2.660395562618e-01
795.00000000,4.846698567293e-01
795.50000000,1.743096862503e-01
796.00000000,-2.481194063428e-01
796.50000000,-1.189711024547e-01
797.00000000,-1.898992206018e-03
797.50000000,-6.276151057466e-02
798.00000000,-1.714455317906e-03
798.50000000,3.715578077487e-01
799.00000000,3.927704814825e-01
799.50000000,3.125349300641e-01
800.00000000,-4.308093442825e-01
