energy_eV,sigma_m2
0.000000,0.000000000000e+00
0.050000,0.000000000000e+00
0.100000,0.000000000000e+00
0.150000,0.000000000000e+00
0.200000,0.000000000000e+00
0.250000,0.000000000000e+00
0.300000,0.000000000000e+00
0.350000,0.000000000000e+00
0.400000,0.000000000000e+00
0.450000,0.000000000000e+00
0.500000,0.000000000000e+00
0.550000,0.000000000000e+00
0.600000,0.000000000000e+00
0.650000,0.000000000000e+00
0.700000,0.000000000000e+00
0.750000,0.000000000000e+00
0.800000,0.000000000000e+00
0.850000,0.000000000000e+00
0.900000,0.000000000000e+00
0.950000,0.000000000000e+00
1.000000,0.000000000000e+00
1.050000,0.000000000000e+00
1.100000,0.000000000000e+00
1.150000,0.000000000000e+00
1.200000,0.000000000000e+00
1.250000,0.000000000000e+00
1.300000,0.000000000000e+00
1.350000,0.000000000000e+00
1.400000,0.000000000000e+00
1.450000,0.000000000000e+00
1.500000,0.000000000000e+00
1.550000,0.000000000000e+00
1.600000,0.000000000000e+00
1.650000,0.000000000000e+00
1.700000,0.000000000000e+00
1.750000,0.000000000000e+00
1.800000,0.000000000000e+00
1.850000,0.000000000000e+00
1.900000,0.000000000000e+00
1.950000,0.000000000000e+00
2.000000,0.000000000000e+00
2.050000,0.000000000000e+00
2.100000,0.000000000000e+00
2.150000,0.000000000000e+00
2.200000,0.000000000000e+00
2.250000,0.000000000000e+00
2.300000,0.000000000000e+00
2.350000,0.000000000000e+00
2.400000,0.000000000000e+00
2.450000,0.000000000000e+00
2.500000,0.000000000000e+00
2.550000,0.000000000000e+00
2.600000,0.000000000000e+00
2.650000,0.000000000000e+00
2.700000,0.000000000000e+00
2.750000,0.000000000000e+00
2.800000,0.000000000000e+00
2.850000,0.000000000000e+00
2.900000,0.000000000000e+00
2.950000,0.000000000000e+00
3.000000,0.000000000000e+00
3.050000,0.000000000000e+00
3.100000,0.000000000000e+00
3.150000,0.000000000000e+00
3.200000,0.000000000000e+00
3.250000,0.000000000000e+00
3.300000,0.000000000000e+00
3.350000,0.000000000000e+00
3.400000,0.000000000000e+00
3.450000,0.000000000000e+00
3.500000,0.000000000000e+00
3.550000,0.000000000000e+00
3.600000,0.000000000000e+00
3.650000,0.000000000000e+00
3.700000,0.000000000000e+00
3.750000,0.000000000000e+00
3.800000,0.000000000000e+00
3.850000,0.000000000000e+00
3.900000,0.000000000000e+00
3.950000,0.000000000000e+00
4.000000,0.000000000000e+00
4.050000,0.000000000000e+00
4.100000,0.000000000000e+00
4.150000,0.000000000000e+00
4.200000,0.000000000000e+00
4.250000,0.000000000000e+00
4.300000,0.000000000000e+00
4.350000,0.000000000000e+00
4.400000,0.000000000000e+00
4.450000,0.000000000000e+00
4.500000,0.000000000000e+00
4.550000,0.000000000000e+00
4.600000,0.000000000000e+00
4.650000,0.000000000000e+00
4.700000,0.000000000000e+00
4.750000,0.000000000000e+00
4.800000,0.000000000000e+00
4.850000,0.000000000000e+00
4.900000,0.000000000000e+00
4.950000,0.000000000000e+00
5.000000,0.000000000000e+00
5.050000,0.000000000000e+00
5.100000,0.000000000000e+00
5.150000,0.000000000000e+00
5.200000,0.000000000000e+00
5.250000,0.000000000000e+00
5.300000,0.000000000000e+00
5.350000,0.000000000000e+00
5.400000,0.000000000000e+00
5.450000,0.000000000000e+00
5.500000,0.000000000000e+00
5.550000,0.000000000000e+00
5.600000,0.000000000000e+00
5.650000,0.000000000000e+00
5.700000,0.000000000000e+00
5.750000,0.000000000000e+00
5.800000,0.000000000000e+00
5.850000,0.000000000000e+00
5.900000,0.000000000000e+00
5.950000,0.000000000000e+00
6.000000,0.000000000000e+00
6.050000,0.000000000000e+00
6.100000,0.000000000000e+00
6.150000,0.000000000000e+00
6.200000,0.000000000000e+00
6.250000,0.000000000000e+00
6.300000,0.000000000000e+00
6.350000,0.000000000000e+00
6.400000,0.000000000000e+00
6.450000,0.000000000000e+00
6.500000,0.000000000000e+00
6.550000,0.000000000000e+00
6.600000,0.000000000000e+00
6.650000,0.000000000000e+00
6.700000,0.000000000000e+00
6.750000,0.000000000000e+00
6.800000,0.000000000000e+00
6.850000,0.000000000000e+00
6.900000,0.000000000000e+00
6.950000,0.000000000000e+00
7.000000,0.000000000000e+00
7.050000,0.000000000000e+00
7.100000,0.000000000000e+00
7.150000,0.000000000000e+00
7.200000,0.000000000000e+00
7.250000,0.000000000000e+00
7.300000,0.000000000000e+00
7.350000,0.000000000000e+00
7.400000,0.000000000000e+00
7.450000,0.000000000000e+00
7.500000,0.000000000000e+00
7.550000,0.000000000000e+00
7.600000,0.000000000000e+00
7.650000,0.000000000000e+00
7.700000,0.000000000000e+00
7.750000,0.000000000000e+00
7.800000,0.000000000000e+00
7.850000,0.000000000000e+00
7.900000,0.000000000000e+00
7.950000,0.000000000000e+00
8.000000,0.000000000000e+00
8.050000,0.000000000000e+00
8.100000,0.000000000000e+00
8.150000,0.000000000000e+00
8.200000,0.000000000000e+00
8.250000,0.000000000000e+00
8.300000,0.000000000000e+00
8.350000,0.000000000000e+00
8.400000,0.000000000000e+00
8.450000,0.000000000000e+00
8.500000,0.000000000000e+00
8.550000,0.000000000000e+00
8.600000,0.000000000000e+00
8.650000,0.000000000000e+00
8.700000,0.000000000000e+00
8.750000,0.000000000000e+00
8.800000,0.000000000000e+00
8.850000,0.000000000000e+00
8.900000,0.000000000000e+00
8.950000,0.000000000000e+00
9.000000,0.000000000000e+00
9.050000,0.000000000000e+00
9.100000,0.000000000000e+00
9.150000,0.000000000000e+00
9.200000,0.000000000000e+00
9.250000,0.000000000000e+00
9.300000,0.000000000000e+00
9.350000,0.000000000000e+00
9.400000,0.000000000000e+00
9.450000,0.000000000000e+00
9.500000,0.000000000000e+00
9.550000,0.000000000000e+00
9.600000,0.000000000000e+00
9.650000,0.000000000000e+00
9.700000,0.000000000000e+00
9.750000,0.000000000000e+00
9.800000,0.000000000000e+00
9.850000,0.000000000000e+00
9.900000,0.000000000000e+00
9.950000,0.000000000000e+00
10.000000,0.000000000000e+00
10.050000,0.000000000000e+00
10.100000,0.000000000000e+00
10.150000,0.000000000000e+00
10.200000,1.052395574305e-35
10.250000,2.943302273804e-22
10.300000,5.848990589430e-22
10.350000,8.717425462820e-22
10.400000,1.154896433844e-21
10.450000,1.434396161380e-21
10.500000,1.710276866382e-21
10.550000,1.982573386497e-21
10.600000,2.251320261926e-21
10.650000,2.516551737800e-21
10.700000,2.778301766544e-21
10.750000,3.036604010216e-21
10.800000,3.291491842836e-21
10.850000,3.542998352688e-21
10.900000,3.791156344610e-21
10.950000,4.035998342269e-21
11.000000,4.277556590408e-21
11.050000,4.515863057091e-21
11.100000,4.750949435915e-21
11.150000,4.982847148216e-21
11.200000,5.211587345255e-21
11.250000,5.437200910382e-21
11.300000,5.659718461194e-21
11.350000,5.879170351665e-21
11.400000,6.095586674270e-21
11.450000,6.308997262083e-21
11.500000,6.519431690863e-21
11.550000,6.726919281130e-21
11.600000,6.931489100214e-21
11.650000,7.133169964294e-21
11.700000,7.331990440425e-21
11.750000,7.527978848539e-21
11.800000,7.721163263441e-21
11.850000,7.911571516785e-21
11.900000,8.099231199033e-21
11.950000,8.284169661402e-21
12.000000,8.466414017798e-21
12.050000,8.645991146725e-21
12.100000,8.822927693194e-21
12.150000,8.997250070604e-21
12.200000,9.168984462616e-21
12.250000,9.338156825012e-21
12.300000,9.504792887536e-21
12.350000,9.668918155721e-21
12.400000,9.830557912710e-21
12.450000,9.989737221052e-21
12.500000,1.014648092449e-20
12.550000,1.030081364973e-20
12.600000,1.045275980820e-20
12.650000,1.060234359782e-20
12.700000,1.074958900470e-20
12.750000,1.089451980487e-20
12.800000,1.103715956598e-20
12.850000,1.117753164902e-20
12.900000,1.131565920996e-20
12.950000,1.145156520146e-20
13.000000,1.158527237447e-20
13.050000,1.171680327991e-20
13.100000,1.184618027029e-20
13.150000,1.197342550131e-20
13.200000,1.209856093349e-20
13.250000,1.222160833373e-20
13.300000,1.234258927690e-20
13.350000,1.246152514740e-20
13.400000,1.257843714075e-20
13.450000,1.269334626506e-20
13.500000,1.280627334263e-20
13.550000,1.291723901141e-20
13.600000,1.302626372656e-20
13.650000,1.313336776189e-20
13.700000,1.323857121139e-20
13.750000,1.334189399066e-20
13.800000,1.344335583839e-20
13.850000,1.354297631783e-20
13.900000,1.364077481815e-20
13.950000,1.373677055597e-20
14.000000,1.383098257670e-20
14.050000,1.392342975595e-20
14.100000,1.401413080095e-20
14.150000,1.410310425192e-20
14.200000,1.419036848344e-20
14.250000,1.427594170579e-20
14.300000,1.435984196634e-20
14.350000,1.444208715084e-20
14.400000,1.452269498481e-20
14.450000,1.460168303478e-20
14.500000,1.467906870967e-20
14.550000,1.475486926204e-20
14.600000,1.482910178941e-20
14.650000,1.490178323551e-20
14.700000,1.497293039156e-20
14.750000,1.504255989752e-20
14.800000,1.511068824335e-20
14.850000,1.517733177024e-20
14.900000,1.524250667184e-20
14.950000,1.530622899547e-20
15.000000,1.536851464334e-20
15.050000,1.542937937375e-20
15.100000,1.548883880227e-20
15.150000,1.554690840292e-20
15.200000,1.560360350934e-20
15.250000,1.565893931599e-20
15.300000,1.571293087924e-20
15.350000,1.576559311856e-20
15.400000,1.581694081764e-20
15.450000,1.586698862551e-20
15.500000,1.591575105767e-20
15.550000,1.596324249719e-20
15.600000,1.600947719582e-20
15.650000,1.605446927505e-20
15.700000,1.609823272724e-20
15.750000,1.614078141666e-20
15.800000,1.618212908057e-20
15.850000,1.622228933025e-20
15.900000,1.626127565211e-20
15.950000,1.629910140867e-20
16.000000,1.633577983959e-20
16.050000,1.637132406277e-20
16.100000,1.640574707527e-20
16.150000,1.643906175438e-20
16.200000,1.647128085860e-20
16.250000,1.650241702864e-20
16.300000,1.653248278839e-20
16.350000,1.656149054591e-20
16.400000,1.658945259440e-20
16.450000,1.661638111315e-20
16.500000,1.664228816850e-20
16.550000,1.666718571479e-20
16.600000,1.669108559529e-20
16.650000,1.671399954314e-20
16.700000,1.673593918226e-20
16.750000,1.675691602830e-20
16.800000,1.677694148949e-20
16.850000,1.679602686761e-20
16.900000,1.681418335885e-20
16.950000,1.683142205468e-20
17.000000,1.684775394276e-20
17.050000,1.686318990782e-20
17.100000,1.687774073250e-20
17.150000,1.689141709822e-20
17.200000,1.690422958605e-20
17.250000,1.691618867752e-20
17.300000,1.692730475551e-20
17.350000,1.693758810504e-20
17.400000,1.694704891410e-20
17.450000,1.695569727451e-20
17.500000,1.696354318268e-20
17.550000,1.697059654046e-20
17.600000,1.697686715591e-20
17.650000,1.698236474411e-20
17.700000,1.698709892794e-20
17.750000,1.699107923889e-20
17.800000,1.699431511778e-20
17.850000,1.699681591558e-20
17.900000,1.699859089414e-20
17.950000,1.699964922698e-20
18.000000,1.700000000000e-20
18.050000,1.699965221226e-20
18.100000,1.699861477671e-20
18.150000,1.699689652090e-20
18.200000,1.699450618773e-20
18.250000,1.699145243619e-20
18.300000,1.698774384203e-20
18.350000,1.698338889849e-20
18.400000,1.697839601703e-20
18.450000,1.697277352798e-20
18.500000,1.696652968128e-20
18.550000,1.695967264712e-20
18.600000,1.695221051668e-20
18.650000,1.694415130276e-20
18.700000,1.693550294045e-20
18.750000,1.692627328784e-20
18.800000,1.691647012663e-20
18.850000,1.690610116282e-20
18.900000,1.689517402734e-20
18.950000,1.688369627671e-20
19.000000,1.687167539366e-20
19.050000,1.685911878778e-20
19.100000,1.684603379614e-20
19.150000,1.683242768394e-20
19.200000,1.681830764507e-20
19.250000,1.680368080280e-20
19.300000,1.678855421033e-20
19.350000,1.677293485142e-20
19.400000,1.675682964099e-20
19.450000,1.674024542570e-20
19.500000,1.672318898457e-20
19.550000,1.670566702951e-20
19.600000,1.668768620597e-20
19.650000,1.666925309346e-20
19.700000,1.665037420616e-20
19.750000,1.663105599345e-20
19.800000,1.661130484050e-20
19.850000,1.659112706881e-20
19.900000,1.657052893679e-20
19.950000,1.654951664027e-20
20.000000,1.652809631306e-20
20.050000,1.650627402752e-20
20.100000,1.648405579504e-20
20.150000,1.646144756660e-20
20.200000,1.643845523332e-20
20.250000,1.641508462694e-20
20.300000,1.639134152035e-20
20.350000,1.636723162812e-20
20.400000,1.634276060700e-20
20.450000,1.631793405642e-20
20.500000,1.629275751899e-20
20.550000,1.626723648103e-20
20.600000,1.624137637301e-20
20.650000,1.621518257007e-20
20.700000,1.618866039252e-20
20.750000,1.616181510628e-20
20.800000,1.613465192341e-20
20.850000,1.610717600252e-20
20.900000,1.607939244931e-20
20.950000,1.605130631697e-20
21.000000,1.602292260669e-20
21.050000,1.599424626810e-20
21.100000,1.596528219972e-20
21.150000,1.593603524943e-20
21.200000,1.590651021489e-20
21.250000,1.587671184399e-20
21.300000,1.584664483533e-20
21.350000,1.581631383860e-20
21.400000,1.578572345504e-20
21.450000,1.575487823786e-20
21.500000,1.572378269270e-20
21.550000,1.569244127800e-20
21.600000,1.566085840544e-20
21.650000,1.562903844039e-20
21.700000,1.559698570226e-20
21.750000,1.556470446495e-20
21.800000,1.553219895725e-20
21.850000,1.549947336324e-20
21.900000,1.546653182267e-20
21.950000,1.543337843140e-20
22.000000,1.540001724173e-20
22.050000,1.536645226285e-20
22.100000,1.533268746118e-20
22.150000,1.529872676080e-20
22.200000,1.526457404376e-20
22.250000,1.523023315052e-20
22.300000,1.519570788031e-20
22.350000,1.516100199148e-20
22.400000,1.512611920187e-20
22.450000,1.509106318920e-20
22.500000,1.505583759140e-20
22.550000,1.502044600698e-20
22.600000,1.498489199539e-20
22.650000,1.494917907739e-20
22.700000,1.491331073534e-20
22.750000,1.487729041361e-20
22.800000,1.484112151890e-20
22.850000,1.480480742056e-20
22.900000,1.476835145097e-20
22.950000,1.473175690584e-20
23.000000,1.469502704455e-20
23.050000,1.465816509050e-20
23.100000,1.462117423141e-20
23.150000,1.458405761965e-20
23.200000,1.454681837259e-20
23.250000,1.450945957287e-20
23.300000,1.447198426877e-20
23.350000,1.443439547446e-20
23.400000,1.439669617037e-20
23.450000,1.435888930349e-20
23.500000,1.432097778763e-20
23.550000,1.428296450376e-20
23.600000,1.424485230033e-20
23.650000,1.420664399352e-20
23.700000,1.416834236756e-20
23.750000,1.412995017503e-20
23.800000,1.409147013715e-20
23.850000,1.405290494405e-20
23.900000,1.401425725506e-20
23.950000,1.397552969904e-20
24.000000,1.393672487457e-20
24.050000,1.389784535032e-20
24.100000,1.385889366528e-20
24.150000,1.381987232904e-20
24.200000,1.378078382206e-20
24.250000,1.374163059595e-20
24.300000,1.370241507374e-20
24.350000,1.366313965011e-20
24.400000,1.362380669173e-20
24.450000,1.358441853741e-20
24.500000,1.354497749847e-20
24.550000,1.350548585892e-20
24.600000,1.346594587575e-20
24.650000,1.342635977917e-20
24.700000,1.338672977287e-20
24.750000,1.334705803424e-20
24.800000,1.330734671466e-20
24.850000,1.326759793970e-20
24.900000,1.322781380941e-20
24.950000,1.318799639851e-20
25.000000,1.314814775665e-20
25.050000,1.310826990865e-20
25.100000,1.306836485473e-20
25.150000,1.302843457074e-20
25.200000,1.298848100839e-20
25.250000,1.294850609548e-20
25.300000,1.290851173611e-20
25.350000,1.286849981095e-20
25.400000,1.282847217740e-20
25.450000,1.278843066986e-20
25.500000,1.274837709990e-20
25.550000,1.270831325654e-20
25.600000,1.266824090641e-20
25.650000,1.262816179400e-20
25.700000,1.258807764182e-20
25.750000,1.254799015067e-20
25.800000,1.250790099983e-20
25.850000,1.246781184722e-20
25.900000,1.242772432968e-20
25.950000,1.238764006310e-20
26.000000,1.234756064267e-20
26.050000,1.230748764306e-20
26.100000,1.226742261861e-20
26.150000,1.222736710355e-20
26.200000,1.218732261216e-20
26.250000,1.214729063899e-20
26.300000,1.210727265904e-20
26.350000,1.206727012795e-20
26.400000,1.202728448217e-20
26.450000,1.198731713920e-20
26.500000,1.194736949769e-20
26.550000,1.190744293770e-20
26.600000,1.186753882083e-20
26.650000,1.182765849044e-20
26.700000,1.178780327179e-20
26.750000,1.174797447224e-20
26.800000,1.170817338141e-20
26.850000,1.166840127136e-20
26.900000,1.162865939677e-20
26.950000,1.158894899511e-20
27.000000,1.154927128678e-20
27.050000,1.150962747531e-20
27.100000,1.147001874752e-20
27.150000,1.143044627367e-20
27.200000,1.139091120764e-20
27.250000,1.135141468707e-20
27.300000,1.131195783355e-20
27.350000,1.127254175276e-20
27.400000,1.123316753462e-20
27.450000,1.119383625347e-20
27.500000,1.115454896820e-20
27.550000,1.111530672242e-20
27.600000,1.107611054461e-20
27.650000,1.103696144826e-20
27.700000,1.099786043203e-20
27.750000,1.095880847990e-20
27.800000,1.091980656131e-20
27.850000,1.088085563131e-20
27.900000,1.084195663069e-20
27.950000,1.080311048615e-20
28.000000,1.076431811042e-20
28.050000,1.072558040241e-20
28.100000,1.068689824734e-20
28.150000,1.064827251690e-20
28.200000,1.060970406936e-20
28.250000,1.057119374971e-20
28.300000,1.053274238983e-20
28.350000,1.049435080857e-20
28.400000,1.045601981192e-20
28.450000,1.041775019313e-20
28.500000,1.037954273284e-20
28.550000,1.034139819919e-20
28.600000,1.030331734799e-20
28.650000,1.026530092280e-20
28.700000,1.022734965510e-20
28.750000,1.018946426438e-20
28.800000,1.015164545827e-20
28.850000,1.011389393268e-20
28.900000,1.007621037190e-20
28.950000,1.003859544871e-20
29.000000,1.000104982456e-20
29.050000,9.963574149615e-21
29.100000,9.926169062899e-21
29.150000,9.888835192427e-21
29.200000,9.851573155302e-21
29.250000,9.814383557831e-21
29.300000,9.777266995641e-21
29.350000,9.740224053791e-21
29.400000,9.703255306878e-21
29.450000,9.666361319154e-21
29.500000,9.629542644628e-21
29.550000,9.592799827177e-21
29.600000,9.556133400655e-21
29.650000,9.519543888992e-21
29.700000,9.483031806308e-21
29.750000,9.446597657010e-21
29.800000,9.410241935898e-21
29.850000,9.373965128266e-21
29.900000,9.337767710006e-21
29.950000,9.301650147705e-21
30.000000,9.265612898746e-21
30.050000,9.229656411406e-21
30.100000,9.193781124955e-21
30.150000,9.157987469752e-21
30.200000,9.122275867340e-21
30.250000,9.086646730543e-21
30.300000,9.051100463558e-21
30.350000,9.015637462051e-21
30.400000,8.980258113246e-21
30.450000,8.944962796022e-21
30.500000,8.909751880997e-21
30.550000,8.874625730624e-21
30.600000,8.839584699277e-21
30.650000,8.804629133343e-21
30.700000,8.769759371303e-21
30.750000,8.734975743825e-21
30.800000,8.700278573849e-21
30.850000,8.665668176669e-21
30.900000,8.631144860021e-21
30.950000,8.596708924165e-21
31.000000,8.562360661969e-21
31.050000,8.528100358991e-21
31.100000,8.493928293557e-21
31.150000,8.459844736849e-21
31.200000,8.425849952978e-21
31.250000,8.391944199068e-21
31.300000,8.358127725331e-21
31.350000,8.324400775146e-21
31.400000,8.290763585140e-21
31.450000,8.257216385256e-21
31.500000,8.223759398837e-21
31.550000,8.190392842696e-21
31.600000,8.157116927194e-21
31.650000,8.123931856308e-21
31.700000,8.090837827711e-21
31.750000,8.057835032839e-21
31.800000,8.024923656965e-21
31.850000,7.992103879268e-21
31.900000,7.959375872906e-21
31.950000,7.926739805084e-21
32.000000,7.894195837123e-21
32.050000,7.861744124529e-21
32.100000,7.829384817060e-21
32.150000,7.797118058794e-21
32.200000,7.764943988194e-21
32.250000,7.732862738176e-21
32.300000,7.700874436172e-21
32.350000,7.668979204196e-21
32.400000,7.637177158909e-21
32.450000,7.605468411680e-21
32.500000,7.573853068649e-21
32.550000,7.542331230792e-21
32.600000,7.510902993980e-21
32.650000,7.479568449043e-21
32.700000,7.448327681826e-21
32.750000,7.417180773253e-21
32.800000,7.386127799384e-21
32.850000,7.355168831477e-21
32.900000,7.324303936042e-21
32.950000,7.293533174902e-21
33.000000,7.262856605247e-21
33.050000,7.232274279697e-21
33.100000,7.201786246348e-21
33.150000,7.171392548839e-21
33.200000,7.141093226399e-21
33.250000,7.110888313902e-21
33.300000,7.080777841927e-21
33.350000,7.050761836806e-21
33.400000,7.020840320677e-21
33.450000,6.991013311541e-21
33.500000,6.961280823307e-21
33.550000,6.931642865853e-21
33.600000,6.902099445067e-21
33.650000,6.872650562905e-21
33.700000,6.843296217435e-21
33.750000,6.814036402894e-21
33.800000,6.784871109730e-21
33.850000,6.755800324654e-21
33.900000,6.726824030687e-21
33.950000,6.697942207209e-21
34.000000,6.669154830007e-21
34.050000,6.640461871318e-21
34.100000,6.611863299879e-21
34.150000,6.583359080970e-21
34.200000,6.554949176463e-21
34.250000,6.526633544863e-21
34.300000,6.498412141356e-21
34.350000,6.470284917851e-21
34.400000,6.442251823025e-21
34.450000,6.414312802365e-21
34.500000,6.386467798211e-21
34.550000,6.358716749799e-21
34.600000,6.331059593304e-21
34.650000,6.303496261880e-21
34.700000,6.276026685702e-21
34.750000,6.248650792006e-21
34.800000,6.221368505130e-21
34.850000,6.194179746554e-21
34.900000,6.167084434940e-21
34.950000,6.140082486170e-21
35.000000,6.113173813387e-21
35.050000,6.086358327030e-21
35.100000,6.059635934877e-21
35.150000,6.033006542078e-21
35.200000,6.006470051193e-21
35.250000,5.980026362234e-21
35.300000,5.953675372693e-21
35.350000,5.927416977586e-21
35.400000,5.901251069486e-21
35.450000,5.875177538557e-21
35.500000,5.849196272592e-21
35.550000,5.823307157043e-21
35.600000,5.797510075063e-21
35.650000,5.771804907533e-21
35.700000,5.746191533100e-21
35.750000,5.720669828208e-21
35.800000,5.695239667134e-21
35.850000,5.669900922017e-21
35.900000,5.644653462893e-21
35.950000,5.619497157726e-21
36.000000,5.594431872442e-21
36.050000,5.569457470956e-21
36.100000,5.544573815208e-21
36.150000,5.519780765192e-21
36.200000,5.495078178983e-21
36.250000,5.470465912774e-21
36.300000,5.445943820900e-21
36.350000,5.421511755871e-21
36.400000,5.397169568399e-21
36.450000,5.372917107430e-21
36.500000,5.348754220169e-21
36.550000,5.324680752110e-21
36.600000,5.300696547067e-21
36.650000,5.276801447195e-21
36.700000,5.252995293026e-21
36.750000,5.229277923488e-21
36.800000,5.205649175939e-21
36.850000,5.182108886188e-21
36.900000,5.158656888525e-21
36.950000,5.135293015747e-21
37.000000,5.112017099182e-21
37.050000,5.088828968715e-21
37.100000,5.065728452813e-21
37.150000,5.042715378555e-21
37.200000,5.019789571647e-21
37.250000,4.996950856458e-21
37.300000,4.974199056032e-21
37.350000,4.951533992125e-21
37.400000,4.928955485219e-21
37.450000,4.906463354547e-21
37.500000,4.884057418122e-21
37.550000,4.861737492754e-21
37.600000,4.839503394074e-21
37.650000,4.817354936560e-21
37.700000,4.795291933554e-21
37.750000,4.773314197288e-21
37.800000,4.751421538905e-21
37.850000,4.729613768479e-21
37.900000,4.707890695039e-21
37.950000,4.686252126587e-21
38.000000,4.664697870122e-21
38.050000,4.643227731657e-21
38.100000,4.621841516245e-21
38.150000,4.600539027993e-21
38.200000,4.579320070086e-21
38.250000,4.558184444806e-21
38.300000,4.537131953552e-21
38.350000,4.516162396855e-21
38.400000,4.495275574406e-21
38.450000,4.474471285067e-21
38.500000,4.453749326891e-21
38.550000,4.433109497144e-21
38.600000,4.412551592323e-21
38.650000,4.392075408169e-21
38.700000,4.371680739689e-21
38.750000,4.351367381176e-21
38.800000,4.331135126221e-21
38.850000,4.310983767734e-21
38.900000,4.290913097959e-21
38.950000,4.270922908493e-21
39.000000,4.251012990303e-21
39.050000,4.231183133739e-21
39.100000,4.211433128555e-21
39.150000,4.191762763921e-21
39.200000,4.172171828443e-21
39.250000,4.152660110175e-21
39.300000,4.133227396638e-21
39.350000,4.113873474834e-21
39.400000,4.094598131261e-21
39.450000,4.075401151928e-21
39.500000,4.056282322370e-21
39.550000,4.037241427665e-21
39.600000,4.018278252445e-21
39.650000,3.999392580914e-21
39.700000,3.980584196859e-21
39.750000,3.961852883667e-21
39.800000,3.943198424336e-21
39.850000,3.924620601493e-21
39.900000,3.906119197403e-21
39.950000,3.887693993984e-21
40.000000,3.869344772823e-21
